<?xml version="1.0" encoding="UTF-8" ?>
<!DOCTYPE mapper
PUBLIC "-//mybatis.org//DTD Mapper 3.0//EN"
"http://mybatis.org/dtd/mybatis-3-mapper.dtd">
<mapper namespace="com.ruoyi.system.mapper.SysRegionMapper">
    
    <resultMap type="SysRegion" id="SysRegionResult">
        <result property="id"    column="id"    />
        <result property="parentId"    column="parent_id"    />
        <result property="regionName"    column="region_name"    />
        <result property="regionCode"    column="region_code"    />
        <result property="parentCode"    column="parent_code"    />
        <result property="regionLevel"    column="region_level"    />
        <result property="regionSort"    column="region_sort"    />
        <result property="regionNameEn"    column="region_name_en"    />
        <result property="regionShortnameEn"    column="region_shortname_en"    />
    </resultMap>

    <sql id="selectSysRegionVo">
        select id, parent_id, region_name, region_code, parent_code, region_level, region_sort, region_name_en, region_shortname_en from sys_region
    </sql>

    <select id="selectSysRegionList" parameterType="SysRegion" resultMap="SysRegionResult">
        <include refid="selectSysRegionVo"/>
        <where>  
            <if test="parentId != null "> and parent_id = #{parentId}</if>
            <if test="regionName != null  and regionName != ''"> and region_name like concat('%', #{regionName}, '%')</if>
            <if test="regionCode != null  and regionCode != ''"> and region_code = #{regionCode}</if>
            <if test="parentCode != null  and parentCode != ''"> and parent_code = #{parentCode}</if>
            <if test="regionLevel != null "> and region_level = #{regionLevel}</if>
            <if test="regionSort != null "> and region_sort = #{regionSort}</if>
            <if test="regionNameEn != null  and regionNameEn != ''"> and region_name_en = #{regionNameEn}</if>
            <if test="regionShortnameEn != null  and regionShortnameEn != ''"> and region_shortname_en = #{regionShortnameEn}</if>
        </where>
    </select>
    
    <select id="selectSysRegionById" parameterType="Long" resultMap="SysRegionResult">
        <include refid="selectSysRegionVo"/>
        where id = #{id}
    </select>
        
    <insert id="insertSysRegion" parameterType="SysRegion" useGeneratedKeys="true" keyProperty="id">
        insert into sys_region
        <trim prefix="(" suffix=")" suffixOverrides=",">
            <if test="parentId != null">parent_id,</if>
            <if test="regionName != null">region_name,</if>
            <if test="regionCode != null">region_code,</if>
            <if test="parentCode != null">parent_code,</if>
            <if test="regionLevel != null">region_level,</if>
            <if test="regionSort != null">region_sort,</if>
            <if test="regionNameEn != null">region_name_en,</if>
            <if test="regionShortnameEn != null">region_shortname_en,</if>
         </trim>
        <trim prefix="values (" suffix=")" suffixOverrides=",">
            <if test="parentId != null">#{parentId},</if>
            <if test="regionName != null">#{regionName},</if>
            <if test="regionCode != null">#{regionCode},</if>
            <if test="parentCode != null">#{parentCode},</if>
            <if test="regionLevel != null">#{regionLevel},</if>
            <if test="regionSort != null">#{regionSort},</if>
            <if test="regionNameEn != null">#{regionNameEn},</if>
            <if test="regionShortnameEn != null">#{regionShortnameEn},</if>
         </trim>
    </insert>

    <update id="updateSysRegion" parameterType="SysRegion">
        update sys_region
        <trim prefix="SET" suffixOverrides=",">
            <if test="parentId != null">parent_id = #{parentId},</if>
            <if test="regionName != null">region_name = #{regionName},</if>
            <if test="regionCode != null">region_code = #{regionCode},</if>
            <if test="parentCode != null">parent_code = #{parentCode},</if>
            <if test="regionLevel != null">region_level = #{regionLevel},</if>
            <if test="regionSort != null">region_sort = #{regionSort},</if>
            <if test="regionNameEn != null">region_name_en = #{regionNameEn},</if>
            <if test="regionShortnameEn != null">region_shortname_en = #{regionShortnameEn},</if>
        </trim>
        where id = #{id}
    </update>

    <delete id="deleteSysRegionById" parameterType="Long">
        delete from sys_region where id = #{id}
    </delete>

    <delete id="deleteSysRegionByIds" parameterType="String">
        delete from sys_region where id in 
        <foreach item="id" collection="array" open="(" separator="," close=")">
            #{id}
        </foreach>
    </delete>
    
</mapper>