<?xml version="1.0" encoding="UTF-8" ?>
<!DOCTYPE mapper
PUBLIC "-//mybatis.org//DTD Mapper 3.0//EN"
"http://mybatis.org/dtd/mybatis-3-mapper.dtd">
<mapper namespace="com.ruoyi.system.mapper.SysUserMapper">

	<resultMap type="SysUser" id="SysUserResult">
		<id     property="userId"       column="user_id"      />
		<result property="deptId"       column="dept_id"      />
		<result property="userName"     column="user_name"    />
		<result property="nickName"     column="nick_name"    />
		<result property="email"        column="email"        />
		<result property="phonenumber"  column="phonenumber"  />
		<result property="sex"          column="sex"          />
		<result property="avatar"       column="avatar"       />
		<result property="password"     column="password"     />
		<result property="status"       column="status"       />

		<result property="type"          column="type"          />
		<result property="constructingUnitsId"    column="constructing_units_id"       />
		<result property="maintenanceUnitsId"     column="maintenance_units_id"     />
		<result property="teamId"       column="team_id"       />
		<result property="delFlag"      column="del_flag"     />
		<result property="loginIp"      column="login_ip"     />
		<result property="loginDate"    column="login_date"   />
		<result property="createBy"     column="create_by"    />
		<result property="createTime"   column="create_time"  />
		<result property="updateBy"     column="update_by"    />
		<result property="updateTime"   column="update_time"  />
		<result property="remark"       column="remark"       />
        <result property="maintenanceTeamName" column="maintenance_team_name"/>
		<association property="dept"    column="dept_id" javaType="SysDept" resultMap="deptResult" />
		<collection  property="roles"   javaType="java.util.List"        resultMap="RoleResult" />
	</resultMap>

	<resultMap id="deptResult" type="SysDept">
		<id     property="deptId"   column="dept_id"     />
		<result property="parentId" column="parent_id"   />
		<result property="deptName" column="dept_name"   />
		<result property="orderNum" column="order_num"   />
		<result property="leader"   column="leader"      />
		<result property="status"   column="dept_status" />
	</resultMap>

	<resultMap id="RoleResult" type="SysRole">
		<id     property="roleId"       column="role_id"        />
		<result property="roleName"     column="role_name"      />
		<result property="roleKey"      column="role_key"       />
		<result property="roleSort"     column="role_sort"      />
		<result property="dataScope"     column="data_scope"    />
		<result property="status"       column="role_status"    />
	</resultMap>

	<sql id="selectUserVo">
        select u.user_id, u.dept_id, u.user_name, u.nick_name, u.email, u.avatar, u.phonenumber, u.password, u.sex, u.status, u.del_flag, u.login_ip, u.login_date, u.create_by, u.create_time, u.remark,
        d.dept_id, d.parent_id, d.dept_name, d.order_num, d.leader, d.status as dept_status,
        r.role_id, r.role_name, r.role_key, r.role_sort, r.data_scope, r.status as role_status,
		u.type,
		u.constructing_units_id,
		u.maintenance_units_id,
		u.team_id

        from sys_user u
		    left join sys_dept d on u.dept_id = d.dept_id
		    left join sys_user_role ur on u.user_id = ur.user_id
		    left join sys_role r on r.role_id = ur.role_id
    </sql>

    <select id="selectUserList" parameterType="SysUser" resultMap="SysUserResult">
		select u.user_id, u.dept_id, u.nick_name, u.user_name, u.email, u.avatar, u.phonenumber, u.password, u.sex, u.status, u.del_flag, u.login_ip, u.login_date, u.create_by, u.create_time, u.remark, d.dept_name, d.leader,
		u.type,
		u.constructing_units_id,
		u.maintenance_units_id,
		u.team_id
		 from sys_user u
		left join sys_dept d on u.dept_id = d.dept_id
		where u.del_flag = '0'
		<if test="userName != null and userName != ''">
			AND u.user_name like concat('%', #{userName}, '%')
		</if>
		<if test="status != null and status != ''">
			AND u.status = #{status}
		</if>
		<if test="phonenumber != null and phonenumber != ''">
			AND u.phonenumber like concat('%', #{phonenumber}, '%')
		</if>
		<if test="beginTime != null and beginTime != ''"><!-- 开始时间检索 -->
			AND date_format(u.create_time,'%y%m%d') &gt;= date_format(#{beginTime},'%y%m%d')
		</if>
		<if test="endTime != null and endTime != ''"><!-- 结束时间检索 -->
			AND date_format(u.create_time,'%y%m%d') &lt;= date_format(#{endTime},'%y%m%d')
		</if>
		<if test="deptId != null and deptId != 0">
			AND (u.dept_id = #{deptId} OR u.dept_id IN ( SELECT t.dept_id FROM sys_dept t WHERE find_in_set(#{deptId}, ancestors) ))
		</if>
		<if test="teamId != null and teamId != 0">
			AND u.team_id = #{teamId}
		</if>
		<!-- 数据范围过滤 -->
		${params.dataScope}
	</select>

	<select id="selectUserByUserName" parameterType="String" resultMap="SysUserResult">
	    <include refid="selectUserVo"/>
		where u.user_name = #{userName}
		and u.del_flag = '0'
	</select>

	<select id="selectUserById" parameterType="Long" resultMap="SysUserResult">
		<include refid="selectUserVo"/>
		where u.user_id = #{userId}
		and u.del_flag = '0'
	</select>

	<select id="checkUserNameUnique" parameterType="String" resultType="int">
		select count(1) from sys_user where user_name = #{userName} and del_flag = '0' limit 1
	</select>

	<select id="checkPhoneUnique" parameterType="String" resultMap="SysUserResult">
		select user_id, phonenumber from sys_user where phonenumber = #{phonenumber} and del_flag = '0' limit 1
	</select>

	<select id="checkEmailUnique" parameterType="String" resultMap="SysUserResult">
		select user_id, email from sys_user where email = #{email} and del_flag = '0' limit 1
	</select>

    <insert id="insertUser" parameterType="SysUser" useGeneratedKeys="true" keyProperty="userId">
 		insert into sys_user(
 			<if test="userId != null and userId != 0">user_id,</if>
 			<if test="deptId != null and deptId != 0">dept_id,</if>
 			<if test="userName != null and userName != ''">user_name,</if>
 			<if test="nickName != null and nickName != ''">nick_name,</if>
 			<if test="email != null and email != ''">email,</if>
 			<if test="avatar != null and avatar != ''">avatar,</if>
 			<if test="phonenumber != null and phonenumber != ''">phonenumber,</if>
 			<if test="sex != null and sex != ''">sex,</if>
 			<if test="password != null and password != ''">password,</if>
 			<if test="status != null and status != ''">status,</if>

			<if test="type != null and type != ''">type,</if>
			<if test="constructingUnitsId != null and constructingUnitsId != ''">constructing_units_id,</if>
			<if test="maintenanceUnitsId != null and maintenanceUnitsId != ''">maintenance_units_id,</if>
			<if test="teamId != null and teamId != ''">team_id,</if>

 			<if test="createBy != null and createBy != ''">create_by,</if>
 			<if test="remark != null and remark != ''">remark,</if>
 			create_time
 		)values(
 			<if test="userId != null and userId != ''">#{userId},</if>
 			<if test="deptId != null and deptId != ''">#{deptId},</if>
 			<if test="userName != null and userName != ''">#{userName},</if>
 			<if test="nickName != null and nickName != ''">#{nickName},</if>
 			<if test="email != null and email != ''">#{email},</if>
 			<if test="avatar != null and avatar != ''">#{avatar},</if>
 			<if test="phonenumber != null and phonenumber != ''">#{phonenumber},</if>
 			<if test="sex != null and sex != ''">#{sex},</if>
 			<if test="password != null and password != ''">#{password},</if>
 			<if test="status != null and status != ''">#{status},</if>

			<if test="type != null and type != ''">#{type},</if>
			<if test="constructingUnitsId != null and constructingUnitsId != ''">#{constructingUnitsId},</if>
			<if test="maintenanceUnitsId != null and maintenanceUnitsId != ''">#{maintenanceUnitsId},</if>
			<if test="teamId != null and teamId != ''">#{teamId},</if>

 			<if test="createBy != null and createBy != ''">#{createBy},</if>
 			<if test="remark != null and remark != ''">#{remark},</if>
 			sysdate()
 		)
	</insert>

	<update id="updateUser" parameterType="SysUser">
 		update sys_user
 		<set>
 			<if test="deptId != null and deptId != 0">dept_id = #{deptId},</if>
 			<if test="userName != null and userName != ''">user_name = #{userName},</if>
 			<if test="nickName != null and nickName != ''">nick_name = #{nickName},</if>
 			<if test="email != null and email != ''">email = #{email},</if>
 			<if test="phonenumber != null and phonenumber != ''">phonenumber = #{phonenumber},</if>
 			<if test="sex != null and sex != ''">sex = #{sex},</if>
 			<if test="avatar != null and avatar != ''">avatar = #{avatar},</if>
 			<if test="password != null and password != ''">password = #{password},</if>
 			<if test="status != null and status != ''">status = #{status},</if>

			<if test="type != null and type != ''">type = #{type},</if>

			<choose>
				<when test="constructingUnitsId != null and constructingUnitsId != ''">
					constructing_units_id = #{constructingUnitsId},
				</when>
				<otherwise>
					constructing_units_id = null,
				</otherwise>
			</choose>

			<choose>
				<when test="maintenanceUnitsId != null and maintenanceUnitsId != ''">
					maintenance_units_id = #{maintenanceUnitsId},
				</when>
				<otherwise>
					maintenance_units_id = null,
				</otherwise>
			</choose>

			<choose>
				<when test="teamId != null and teamId != ''">
					team_id = #{teamId},
				</when>
				<otherwise>
					team_id = null,
				</otherwise>
			</choose>

 			<if test="loginIp != null and loginIp != ''">login_ip = #{loginIp},</if>
 			<if test="loginDate != null">login_date = #{loginDate},</if>
 			<if test="updateBy != null and updateBy != ''">update_by = #{updateBy},</if>
 			<if test="remark != null">remark = #{remark},</if>
 			update_time = sysdate()
 		</set>
 		where user_id = #{userId}
	</update>

	<update id="updateUserStatus" parameterType="SysUser">
 		update sys_user set status = #{status} where user_id = #{userId}
	</update>

	<update id="updateUserAvatar" parameterType="SysUser">
 		update sys_user set avatar = #{avatar} where user_name = #{userName}
	</update>

	<update id="resetUserPwd" parameterType="SysUser">
 		update sys_user set password = #{password} where user_name = #{userName}
	</update>

	<delete id="deleteUserById" parameterType="Long">
 		delete from sys_user where user_id = #{userId}
 	</delete>

 	<delete id="deleteUserByIds" parameterType="Long">
 		update sys_user set del_flag = '2' where user_id in
 		<foreach collection="array" item="userId" open="(" separator="," close=")">
 			#{userId}
        </foreach>
 	</delete>

    <!-- 根据角色id、运维单位id和运维队id查询用户集合 -->
    <select id="selectByMuId" resultMap="SysUserResult">
        select
            u.user_id,
            u.nick_name,
            u.team_id,
            mt.`name` as maintenance_team_name
        from
            sys_user u
            left join sys_user_role ur on ur.user_id = u.user_id
            left join hsw_maintenance_team mt on mt.id = u.team_id
        where
            u.del_flag = '0'
            and ur.role_id = #{roleId}
            <if test="muId != null and muId gt 0">
                and u.maintenance_units_id = #{muId}
            </if>
            <if test="mtId != null and mtId gt 0">
              and u.team_id = #{mtId}
            </if>
    </select>

    <!-- 根据运维队id查询用户集合 -->
    <select id="selectByMtId" resultType="com.ruoyi.common.core.domain.entity.SysUser">
        select
            u.user_id,
            u.nick_name
        from
            sys_user u
        where
        u.del_flag = '0'
        and u.team_id = #{mtId}
    </select>

	<!--根据维修队id列表获取用户列表-->
	<select id="selectUserByTeamIds" resultMap="SysUserResult">
		SELECT
            u.*
		FROM
            sys_user u
            left join sys_user_role ur on ur.user_id = u.user_id
		WHERE
            u.del_flag = '0'
		<if test="teamIds != null and teamIds.size > 0">
			AND u.team_id IN
			<foreach collection="teamIds" item="teamId" separator="," open="(" close=")">
				#{teamId}
			</foreach>
		</if>
        <if test="role != null and role > 0">
            and ur.role_id = #{role}
        </if>
	</select>

	<!--根据角色id和用户类型取用户列表-->
	<select id="selectSysUserListByRoleId" resultMap="SysUserResult">
		SELECT
		*
		FROM
		sys_user
		WHERE
		del_flag = '0'
		<if test="roleId != null and roleId != ''">
			AND user_id IN ( SELECT user_id FROM sys_user_role WHERE role_id = #{roleId} AND del_flag = 0 )
		</if>
		<if test="type != null and type != ''">
			AND type = #{type}
		</if>
	</select>
</mapper>
