<?xml version="1.0" encoding="UTF-8" ?>
<!DOCTYPE mapper
        PUBLIC "-//mybatis.org//DTD Mapper 3.0//EN"
        "http://mybatis.org/dtd/mybatis-3-mapper.dtd">
<mapper namespace="com.ruoyi.hsw.mapper.AnalysisMapper">

    <!-- 运维单位分析-人工修复 -->
    <select id="muAnalysis1" resultType="com.ruoyi.hsw.dto.analysis.MuAnalysisArtificialDto">
        select DISTINCT
            pm.mu_id as muId,
            pm.name as maintenanceUnitsName,
            IFNULL(a.totalOrder,0) AS totalOrder,
            IFNULL(a.total_repair_time,0) as totalRepairTime,
            IFNULL(a.repair_timeout_Count,0) as repairTimeoutCount,
            IFNULL(a.total_send_time,0) as totalSendTime,
            IFNULL(a.send_timeout_Count,0) as sendTimeoutCount
        from
            hsw_project_maintenance_units_view pm
            left join (
                        select
                            mu_id,
                            sum(case when `status`=3 then 1 else 0 END)totalOrder,
                            sum(case when `status`=3 then (repair_time-send_time) else 0 end) total_repair_time,
                            sum(case when `status`=3 and (repair_time-send_time>timeout_hour*3600) then 1 else 0 end) repair_timeout_Count,
                            sum(case when (status=3 ) then (send_time-take_time) else 0 end) total_send_time,
                            sum(case when (status=3 ) and (send_time-take_time>send_work_order_limit*3600) then 1 else 0 end) send_timeout_Count
                        from
                          hsw_job_view
                        where
                            `status`=3
                            and flag_status=1
                        <if test="vo.startTime != null and vo.startTime != '' and vo.endTime != null and vo.endTime != ''">
                            and take_time >= #{vo.startTime}
                            and take_time <![CDATA[ <= ]]> #{vo.endTime}
                        </if>
                        <if test="vo.pid != null and vo.pid != ''">
                            and pid = #{vo.pid}
                        </if>
                        <if test="vo.muId != null and vo.muId != ''">
                            and mu_id = #{vo.muId}
                        </if>
                        <if test="vo.timeoutLevel != null and vo.timeoutLevel != ''">
                            and timeout_level = #{vo.timeoutLevel}
                        </if>
                        <if test="vo.muIds != null and vo.muIds.size() gt 0">
                            and mu_id in
                            <foreach collection="vo.muIds" item="muId" separator="," open="(" close=")">
                                #{muId}
                            </foreach>
                        </if>
                        <if test="vo.pIds != null and vo.pIds.size() gt 0">
                            and pid in
                            <foreach collection="vo.pIds" item="pid" separator="," open="(" close=")">
                                #{pid}
                            </foreach>
                        </if>
                        GROUP BY
                            mu_id
                        )a on pm.mu_id = a.mu_id
        WHERE
        -- 条件
            1=1
        <if test="vo.pid != null and vo.pid != ''">
            and pm.pid = #{vo.pid}
        </if>
        <if test="vo.muId != null and vo.muId != ''">
            and pm.mu_id = #{vo.muId}
        </if>
        <if test="vo.muIds != null and vo.muIds.size() gt 0">
            and pm.mu_id in
            <foreach collection="vo.muIds" item="muId" separator="," open="(" close=")">
                #{muId}
            </foreach>
        </if>
        <if test="vo.pIds != null and vo.pIds.size() gt 0">
            and pm.pid in
            <foreach collection="vo.pIds" item="pid" separator="," open="(" close=")">
                #{pid}
            </foreach>
        </if>
    </select>

    <!-- 运维单位分析-自动修复 -->
    <select id="muAnalysis2" resultType="com.ruoyi.hsw.dto.analysis.MuAnalysisAutoDto">
        select DISTINCT
            pm.mu_id as muId,
            pm.name as maintenanceUnitsName,
            pm.pid,
            pm.title as projectTitle,
            IFNULL(a.totalFault, 0) as totalOrder,
            IFNULL(a.autoRepairCount, 0) as autoRepairCount,
            IFNULL(a.total_auto_repair_time, 0) as totalAutoRepairTime
        from
            hsw_project_maintenance_units_view pm
            left join (
                        select
                            mu_id,
                            project_title,
                            count(id)totalFault,
                            pid,
                            sum(case when `status`=5 then 1 else 0 END)autoRepairCount,
                            sum(case when `status`=5 then (repair_time-take_time) else 0 end) total_auto_repair_time
                        from
                            hsw_fault_view
                        where
                            1=1
                        <if test="vo.startTime != null and vo.startTime != '' and vo.endTime != null and vo.endTime != ''">
                            and take_time >= #{vo.startTime}
                            and take_time <![CDATA[ <= ]]> #{vo.endTime}
                        </if>
                        <if test="vo.pid != null and vo.pid != ''">
                            and pid = #{vo.pid}
                        </if>
                        <if test="vo.muId != null and vo.muId != ''">
                            and mu_id = #{vo.muId}
                        </if>
                        <if test="vo.muIds != null and vo.muIds.size() gt 0">
                            and mu_id in
                            <foreach collection="vo.muIds" item="muId" separator="," open="(" close=")">
                                #{muId}
                            </foreach>
                        </if>
                        <if test="vo.pIds != null and vo.pIds.size() gt 0">
                            and pid in
                            <foreach collection="vo.pIds" item="pid" separator="," open="(" close=")">
                                #{pid}
                            </foreach>
                        </if>
                        GROUP BY
                            mu_id,
                            project_title,
                            pid
                      )a on pm.mu_id = a.mu_id and pm.pid = a.pid
        WHERE
            1=1
        <if test="vo.pid != null and vo.pid != ''">
            and pm.pid = #{vo.pid}
        </if>
        <if test="vo.muId != null and vo.muId != ''">
            and pm.mu_id = #{vo.muId}
        </if>
        <if test="vo.muIds != null and vo.muIds.size() gt 0">
            and pm.mu_id in
            <foreach collection="vo.muIds" item="muId" separator="," open="(" close=")">
                #{muId}
            </foreach>
        </if>
        <if test="vo.pIds != null and vo.pIds.size() gt 0">
            and pm.pid in
            <foreach collection="vo.pIds" item="pid" separator="," open="(" close=")">
                #{pid}
            </foreach>
        </if>
    </select>

    <!-- 运维单位分析-未派单 -->
    <select id="muAnalysis3" resultType="com.ruoyi.hsw.dto.analysis.MuAnalysisUndeliveredDto">
        select DISTINCT
            pm.mu_id as muId,
            pm.name as maintenanceUnitsName,
            pm.pid,
            pm.title as projectTitle,
            IFNULL(a.nosend, 0) as totalOrder,
            IFNULL(a.send_time_out_count, 0) as sendTimeoutCount
        from
            hsw_project_maintenance_units_view pm
            left join (
                        select
                            mu_id,
                            project_title,
                            count(id)nosend,
                            pid,
                            sum(case when (now()-take_time)>send_work_order_limit*3600 then 1 else 0 end) send_time_out_count
                        from
                            hsw_fault_view
                        where
                            `status`=0
                        <if test="vo.pid != null and vo.pid != ''">
                            and pid = #{vo.pid}
                        </if>
                        <if test="vo.muId != null and vo.muId != ''">
                            and mu_id = #{vo.muId}
                        </if>
                        <if test="vo.muIds != null and vo.muIds.size() gt 0">
                            and mu_id in
                            <foreach collection="vo.muIds" item="muId" separator="," open="(" close=")">
                                #{muId}
                            </foreach>
                        </if>
                        <if test="vo.pIds != null and vo.pIds.size() gt 0">
                            and pid in
                            <foreach collection="vo.pIds" item="pid" separator="," open="(" close=")">
                                #{pid}
                            </foreach>
                        </if>
                        GROUP BY
                            mu_id,
                            project_title,
                            pid
                        )a on pm.mu_id = a.mu_id and pm.pid = a.pid
        WHERE
          1=1
        <if test="vo.pid != null and vo.pid != ''">
            and pm.pid = #{vo.pid}
        </if>
        <if test="vo.muId != null and vo.muId != ''">
            and pm.mu_id = #{vo.muId}
        </if>
        <if test="vo.muIds != null and vo.muIds.size() gt 0">
            and pm.mu_id in
            <foreach collection="vo.muIds" item="muId" separator="," open="(" close=")">
                #{muId}
            </foreach>
        </if>
        <if test="vo.pIds != null and vo.pIds.size() gt 0">
            and pm.pid in
            <foreach collection="vo.pIds" item="pid" separator="," open="(" close=")">
                #{pid}
            </foreach>
        </if>
    </select>

    <!-- 运维单位分析-维修中 -->
    <select id="muAnalysis4" resultType="com.ruoyi.hsw.dto.analysis.MuAnalysisUnderRepairDto">
        select DISTINCT
            pm.mu_id as muId,
            pm.name as maintenanceUnitsName,
            pm.pid,
            pm.title as projectTitle,
            IFNULL(a.totalOrder, 0) as totalOrder,
            IFNULL(a.repaire_timeout_Count, 0) as repaireTimeoutCount
        from
            hsw_project_maintenance_units_view pm
            left join (
                        select
                            pid,
                            mu_id,
                            count(id)totalOrder,
                            sum(case when now()-take_time>send_work_order_limit*3600 then 1 else 0 end) repaire_timeout_Count
                        from
                            hsw_job_view
                        where
                            `status`=2
                        <if test="vo.pid != null and vo.pid != ''">
                            and pid = #{vo.pid}
                        </if>
                        <if test="vo.muId != null and vo.muId != ''">
                            and mu_id = #{vo.muId}
                        </if>
                        <if test="vo.timeoutLevel != null and vo.timeoutLevel != ''">
                            and timeout_level = #{vo.timeoutLevel}
                        </if>
                        <if test="vo.muIds != null and vo.muIds.size() gt 0">
                            and mu_id in
                            <foreach collection="vo.muIds" item="muId" separator="," open="(" close=")">
                                #{muId}
                            </foreach>
                        </if>
                        <if test="vo.pIds != null and vo.pIds.size() gt 0">
                            and pid in
                            <foreach collection="vo.pIds" item="pid" separator="," open="(" close=")">
                                #{pid}
                            </foreach>
                        </if>
                        GROUP BY
                            pid,
                            mu_id
                        )a on pm.mu_id = a.mu_id and pm.pid = a.pid
        WHERE
        1=1
        <if test="vo.pid != null and vo.pid != ''">
            and pm.pid = #{vo.pid}
        </if>
        <if test="vo.muId != null and vo.muId != ''">
            and pm.mu_id = #{vo.muId}
        </if>
        <if test="vo.muIds != null and vo.muIds.size() gt 0">
            and pm.mu_id in
            <foreach collection="vo.muIds" item="muId" separator="," open="(" close=")">
                #{muId}
            </foreach>
        </if>
        <if test="vo.pIds != null and vo.pIds.size() gt 0">
            and pm.pid in
            <foreach collection="vo.pIds" item="pid" separator="," open="(" close=")">
                #{pid}
            </foreach>
        </if>
    </select>

    <!-- 运维队分析-人工修复 -->
    <select id="mtAnalysis1" resultType="com.ruoyi.hsw.dto.analysis.MtAnalysisArtificialDto">
        SELECT
            dw.area,
            dw.pid,
            dw.mu_id as muId,
            dw.at_id as mtId,
            mu.name as maintenanceUnitsName,
            mt.name as maintenanceTeamName,
            p.title as projectTitle,
            IFNULL(a.totalOrder, 0) as totalOrder,
            IFNULL(a.total_repair_time, 0) as totalRepairTime,
            IFNULL(a.repair_timeout_Count, 0) as repairTimeoutCount,
            IFNULL(a.total_send_time, 0) as totalSendTime,
            IFNULL(a.send_timeout_Count, 0) as sendTimeoutCount
        FROM
            hsw_divide_work dw
            left join hsw_project p on dw.pid = p.id and p.del_flag = '0'
            left join hsw_maintenance_units mu on dw.mu_id = mu.id and mu.del_flag = '0'
            left join hsw_maintenance_team mt on dw.at_id = mt.id and mt.del_flag = '0'
            left join (select
                            area,
                            pid,
                            mu_id,
                            mt_id,
                            sum(case when `status`=3 then 1 else 0 END)totalOrder,
                            sum(case when `status`=3 then (repair_time-send_time) else 0 end) total_repair_time,
                            sum(case when `status`=3 and (repair_time-send_time>timeout_hour*3600) then 1 else 0 end) repair_timeout_Count,
                            sum(case when (status=3 ) then (send_time-take_time) else 0 end) total_send_time,
                            sum(case when (status=3 ) and (send_time-take_time>send_work_order_limit*3600) then 1 else 0 end) send_timeout_Count
                        from
                            hsw_job_view
                        where
                            `status`=3
                            and flag_status=1
                            <if test="vo.startTime != null and vo.startTime != '' and vo.endTime != null and vo.endTime != ''">
                                and take_time >= #{vo.startTime}
                                and take_time <![CDATA[ <= ]]> #{vo.endTime}
                            </if>
                            <if test="vo.pid != null and vo.pid != ''">
                                and pid = #{vo.pid}
                            </if>
                            <if test="vo.muId != null and vo.muId != ''">
                                and mu_id = #{vo.muId}
                            </if>
                            <if test="vo.mtId != null and vo.mtId != ''">
                                and mt_id = #{vo.mtId}
                            </if>
                            <if test="vo.timeoutLevel != null and vo.timeoutLevel != ''">
                                and timeout_level = #{vo.timeoutLevel}
                            </if>
                            <if test="vo.pIds != null and vo.pIds.size() gt 0">
                                and pid in
                                <foreach collection="vo.pIds" item="pid" separator="," open="(" close=")">
                                    #{pid}
                                </foreach>
                            </if>
                        GROUP BY
                            area,
                            pid,
                            mu_id,
                            mt_id
                        ) a on dw.area=a.area and dw.pid = a.pid and dw.at_id = a.mt_id and dw.mu_id = a.mu_id
        WHERE
            1=1
            and dw.del_flag = '0'
        <if test="vo.pid != null and vo.pid != ''">
            and dw.pid = #{vo.pid}
        </if>
        <if test="vo.muId != null and vo.muId != ''">
            and dw.mu_id = #{vo.muId}
        </if>
        <if test="vo.mtId != null and vo.mtId != ''">
            and dw.at_id = #{vo.mtId}
        </if>
        <if test="vo.pIds != null and vo.pIds.size() gt 0">
            and dw.pid in
            <foreach collection="vo.pIds" item="pid" separator="," open="(" close=")">
                #{pid}
            </foreach>
        </if>
    </select>

    <!-- 运维队分析-自动修复 -->
    <select id="mtAnalysis2" resultType="com.ruoyi.hsw.dto.analysis.MtAnalysisAutoDto">
        SELECT
            dw.area,
            dw.pid,
            dw.mu_id as muId,
            dw.at_id as mtId,
            mu.name as maintenanceUnitsName,
            mt.name as maintenanceTeamName,
            p.title as projectTitle,
            IFNULL(a.totalFault, 0) as totalFault,
            IFNULL(a.autoRepairCount, 0) as autoRepairCount,
            IFNULL(a.total_auto_repair_time, 0) as totalAutoRepairTime
        FROM
            hsw_divide_work dw
            left join hsw_project p on dw.pid = p.id and p.del_flag = '0'
            left join hsw_maintenance_units mu on dw.mu_id = mu.id and mu.del_flag = '0'
            left join hsw_maintenance_team mt on dw.at_id = mt.id and mt.del_flag = '0'
            left join (select
                            area,
                            mu_id,
                            count(id)totalFault,
                            pid,
                            mt_id,
                            sum(case when `status`=5 then 1 else 0 END)autoRepairCount,
                            sum(case when `status`=5 then (repair_time-take_time) else 0 end) total_auto_repair_time
                        from
                            hsw_fault_view
                        where
                            1=1
                        <if test="vo.startTime != null and vo.startTime != '' and vo.endTime != null and vo.endTime != ''">
                            and take_time >= #{vo.startTime}
                            and take_time <![CDATA[ <= ]]> #{vo.endTime}
                        </if>
                        <if test="vo.pid != null and vo.pid != ''">
                            and pid = #{vo.pid}
                        </if>
                        <if test="vo.muId != null and vo.muId != ''">
                            and mu_id = #{vo.muId}
                        </if>
                        <if test="vo.mtId != null and vo.mtId != ''">
                            and mt_id = #{vo.mtId}
                        </if>
                        <if test="vo.pIds != null and vo.pIds.size() gt 0">
                            and pid in
                            <foreach collection="vo.pIds" item="pid" separator="," open="(" close=")">
                                #{pid}
                            </foreach>
                        </if>
                            GROUP BY
                            area,
                            mu_id,
                            pid,
                            mt_id
                        ) a on dw.area=a.area and dw.pid = a.pid and dw.at_id = a.mt_id and dw.mu_id = a.mu_id
        WHERE
            1=1
            and dw.del_flag = '0'
        <if test="vo.pid != null and vo.pid != ''">
            and dw.pid = #{vo.pid}
        </if>
        <if test="vo.muId != null and vo.muId != ''">
            and dw.mu_id = #{vo.muId}
        </if>
        <if test="vo.mtId != null and vo.mtId != ''">
            and dw.at_id = #{vo.mtId}
        </if>
        <if test="vo.pIds != null and vo.pIds.size() gt 0">
            and dw.pid in
            <foreach collection="vo.pIds" item="pid" separator="," open="(" close=")">
                #{pid}
            </foreach>
        </if>
    </select>

    <!-- 运维队分析-未派单 -->
    <select id="mtAnalysis3" resultType="com.ruoyi.hsw.dto.analysis.MtAnalysisUndeliveredDto">
        SELECT
            dw.area,
            dw.pid,
            dw.mu_id as muId,
            dw.at_id as mtId,
            mu.name as maintenanceUnitsName,
            mt.name as maintenanceTeamName,
            p.title as projectTitle,
            IFNULL(a.nosend, 0) as nosend,
            IFNULL(a.send_time_out_count, 0) as sendTimeoutCount
        FROM
            hsw_divide_work dw
            left join hsw_project p on dw.pid = p.id and p.del_flag = '0'
            left join hsw_maintenance_units mu on dw.mu_id = mu.id and mu.del_flag = '0'
            left join hsw_maintenance_team mt on dw.at_id = mt.id and mt.del_flag = '0'
            left join (select
                            mu_id,
                            count(id)nosend,
                            pid,
                            mt_id,
                            sum(case when (now()-take_time)>send_work_order_limit*3600 then 1 else 0 end) send_time_out_count
                            from
                            hsw_fault_view
                            where
                                `status`= 0
                                <if test="vo.pid != null and vo.pid != ''">
                                    and pid = #{vo.pid}
                                </if>
                                <if test="vo.muId != null and vo.muId != ''">
                                    and mu_id = #{vo.muId}
                                </if>
                                <if test="vo.mtId != null and vo.mtId != ''">
                                    and mt_id = #{vo.mtId}
                                </if>
                                <if test="vo.pIds != null and vo.pIds.size() gt 0">
                                    and pid in
                                    <foreach collection="vo.pIds" item="pid" separator="," open="(" close=")">
                                        #{pid}
                                    </foreach>
                                </if>
                            GROUP BY
                                mu_id,
                                pid,
                                mt_id
                        ) a on dw.pid = a.pid and dw.at_id = a.mt_id and dw.mu_id = a.mu_id
        WHERE
            1=1
            and dw.del_flag = '0'
        <if test="vo.pid != null and vo.pid != ''">
            and dw.pid = #{vo.pid}
        </if>
        <if test="vo.muId != null and vo.muId != ''">
            and dw.mu_id = #{vo.muId}
        </if>
        <if test="vo.mtId != null and vo.mtId != ''">
            and dw.at_id = #{vo.mtId}
        </if>
        <if test="vo.pIds != null and vo.pIds.size() gt 0">
            and dw.pid in
            <foreach collection="vo.pIds" item="pid" separator="," open="(" close=")">
                #{pid}
            </foreach>
        </if>
    </select>

    <!-- 运维队分析-维修中 -->
    <select id="mtAnalysis4" resultType="com.ruoyi.hsw.dto.analysis.MtAnalysisUnderRepairDto">
        SELECT
            dw.area,
            dw.pid,
            dw.mu_id as muId,
            dw.at_id as mtId,
            mu.name as maintenanceUnitsName,
            mt.name as maintenanceTeamName,
            p.title as projectTitle,
            IFNULL(a.totalOrder, 0) as totalOrder,
            IFNULL(a.repaire_timeout_Count, 0) as repairTimeoutCount
        FROM
            hsw_divide_work dw
            left join hsw_project p on dw.pid = p.id and p.del_flag = '0'
            left join hsw_maintenance_units mu on dw.mu_id = mu.id and mu.del_flag = '0'
            left join hsw_maintenance_team mt on dw.at_id = mt.id and mt.del_flag = '0'
            left join (select
                            pid,
                            mu_id,
                            count(id)totalOrder,
                            mt_id,
                            sum(case when now()-take_time>send_work_order_limit*3600 then 1 else 0 end) repaire_timeout_Count
                            from
                            hsw_job_view
                            where
                            `status`=2
                            <if test="vo.pid != null and vo.pid != ''">
                                and pid = #{vo.pid}
                            </if>
                            <if test="vo.muId != null and vo.muId != ''">
                                and mu_id = #{vo.muId}
                            </if>
                            <if test="vo.mtId != null and vo.mtId != ''">
                                and mt_id = #{vo.mtId}
                            </if>
                            <if test="vo.timeoutLevel != null and vo.timeoutLevel != ''">
                                and timeout_level = #{vo.timeoutLevel}
                            </if>
                            <if test="vo.pIds != null and vo.pIds.size() gt 0">
                                and pid in
                                <foreach collection="vo.pIds" item="pid" separator="," open="(" close=")">
                                    #{pid}
                                </foreach>
                            </if>
                            GROUP BY
                            pid,
                            mu_id,
                            mt_id
                        ) a on dw.pid = a.pid and dw.at_id = a.mt_id and dw.mu_id = a.mu_id
        WHERE
            1=1
            and dw.del_flag = '0'
        <if test="vo.pid != null and vo.pid != ''">
            and dw.pid = #{vo.pid}
        </if>
        <if test="vo.muId != null and vo.muId != ''">
            and dw.mu_id = #{vo.muId}
        </if>
        <if test="vo.mtId != null and vo.mtId != ''">
            and dw.at_id = #{vo.mtId}
        </if>
        <if test="vo.pIds != null and vo.pIds.size() gt 0">
            and dw.pid in
            <foreach collection="vo.pIds" item="pid" separator="," open="(" close=")">
                #{pid}
            </foreach>
        </if>
    </select>

    <!-- 运维队长分析-人工修复 -->
    <select id="mtlAnalysis1" resultType="com.ruoyi.hsw.dto.analysis.MtlAnalysisArtificialDto">
        select
            u.user_id as userId,
            u.nick_name as realName,
            b.mu_id as muId,
            b.mt_id as mtId,
            mu.name as maintenanceUnitsName,
            mt.name as maintenanceTeamName,
            IFNULL(a.totalRepairOrder, 0) as totalRepairOrder,
            IFNULL(a.total_repair_time, 0) as totalRepairTime,
            IFNULL(a.repair_timeout_Count, 0) as repairTimeoutCount,
            IFNULL(b.totalSendOrder, 0) as totalSendOrder,
            IFNULL(b.total_send_time, 0) as totalSendTime,
            IFNULL(b.send_timeout_Count, 0) as sendTimeoutCount
        from
            sys_user u
            left join hsw_maintenance_units mu on u.maintenance_units_id = mu.id and mu.del_flag = '0'
            left join hsw_maintenance_team mt on u.team_id = mt.id and mt.del_flag = '0'
            left join (
                        select
                            receiver_id,
                            sum(case when `status`=3 then 1 else 0 END)totalRepairOrder,
                            sum(case when `status`=3 then (repair_time-send_time) else 0 end) total_repair_time,
                            sum(case when `status`=3 and (repair_time-send_time>timeout_hour*3600) then 1 else 0 end) repair_timeout_Count
                        from
                            hsw_job_view
                        where
                            `status`=3
                            and flag_status=1
                            <if test="vo.startTime != null and vo.startTime != '' and vo.endTime != null and vo.endTime != ''">
                                and take_time >= #{vo.startTime}
                                and take_time <![CDATA[ <= ]]> #{vo.endTime}
                            </if>
                            <if test="vo.pid != null and vo.pid != ''">
                                and pid = #{vo.pid}
                            </if>
                            <if test="vo.muId != null and vo.muId != ''">
                                and mu_id = #{vo.muId}
                            </if>
                            <if test="vo.mtId != null and vo.mtId != ''">
                                and mt_id = #{vo.mtId}
                            </if>
                            <if test="vo.timeoutLevel != null and vo.timeoutLevel != ''">
                                and timeout_level = #{vo.timeoutLevel}
                            </if>
                            <if test="vo.pIds != null and vo.pIds.size() gt 0">
                                and pid in
                                <foreach collection="vo.pIds" item="pid" separator="," open="(" close=")">
                                    #{pid}
                                </foreach>
                            </if>
                        GROUP BY
                            receiver_id
                        ) a on u.user_id = a.receiver_id
            left join (
                        select
                            send_uid,
                            mu_id,
                            mt_id,
                            sum(case when `status`=3 then 1 else 0 END)totalSendOrder,
                            sum(case when status=3 then (send_time-take_time) else 0 end) total_send_time,
                            sum(case when status=3 and (send_time-take_time>send_work_order_limit*3600) then 1 else 0 end) send_timeout_Count
                        from
                            hsw_job_view
                        where
                            `status`=3
                            and flag_status=1
                            <if test="vo.startTime != null and vo.startTime != '' and vo.endTime != null and vo.endTime != ''">
                                and take_time >= #{vo.startTime}
                                and take_time <![CDATA[ <= ]]> #{vo.endTime}
                            </if>
                            <if test="vo.pid != null and vo.pid != ''">
                                and pid = #{vo.pid}
                            </if>
                            <if test="vo.muId != null and vo.muId != ''">
                                and mu_id  = #{vo.muId}
                            </if>
                            <if test="vo.mtId != null and vo.mtId != ''">
                                and mt_id = #{vo.mtId}
                            </if>
                            <if test="vo.timeoutLevel != null and vo.timeoutLevel != ''">
                                and timeout_level = #{vo.timeoutLevel}
                            </if>
                            <if test="vo.pIds != null and vo.pIds.size() gt 0">
                                and pid in
                                <foreach collection="vo.pIds" item="pid" separator="," open="(" close=")">
                                    #{pid}
                                </foreach>
                            </if>
                        GROUP BY
                            send_uid,
                            mu_id,
                            mt_id
                        ) b on u.user_id = b.send_uid
        WHERE
            u.del_flag = '0'
        <if test="vo.userIds != null and vo.userIds.size() gt 0">
            and u.user_id in
            <foreach collection="vo.userIds" item="userId" separator="," open="(" close=")">
                #{userId}
            </foreach>
        </if>
        <if test="vo.muId != null and vo.muId != ''">
            and u.maintenance_units_id = #{vo.muId}
        </if>
        <if test="vo.mtId != null and vo.mtId != ''">
            and u.team_id = #{vo.mtId}
        </if>
    </select>

    <!-- 运维队长分析-未派单 -->
    <select id="mtlAnalysis3" resultType="com.ruoyi.hsw.dto.analysis.MtlAnalysisUndeliveredDto">
        SELECT DISTINCT
            dw.at_id as mtId,
            dw.mu_id as muId,
            mu.name as maintenanceUnitsName,
            mt.name as maintenanceTeamName,
            a.nick_name as realName,
            IFNULL(b.nosend, 0) as nosend,
            IFNULL(b.send_timeout_count, 0) as sendTimeoutCount
        FROM
            hsw_divide_work dw
            left join hsw_maintenance_units mu on dw.mu_id = mu.id and mu.del_flag = '0'
            left join hsw_maintenance_team mt on dw.at_id = mt.id and mt.del_flag = '0'
            left join (
                        select
                            u.team_id,
                            u.nick_name
                        from
                            sys_user u
                        WHERE
                            u.del_flag = '0'
                        <if test="vo.userIds != null and vo.userIds.size() gt 0">
                            and u.user_id in
                            <foreach collection="vo.userIds" item="userId" separator="," open="(" close=")">
                                #{userId}
                            </foreach>
                        </if>
                        <if test="vo.muId != null and vo.muId != ''">
                            and u.maintenance_units_id = #{vo.muId}
                        </if>
                        <if test="vo.mtId != null and vo.mtId != ''">
                            and u.team_id = #{vo.mtId}
                        </if>
                        ) a on dw.at_id = a.team_id
            left join (
                        select
                            mu_id,
                            count(id)nosend,
                            mt_id,
                            sum(case when (now()-take_time)>send_work_order_limit*3600 then 1 else 0 end) send_timeout_count
                        from
                            hsw_fault_view
                        where
                            status = 0
                        <if test="vo.pid != null and vo.pid != ''">
                            and pid = #{vo.pid}
                        </if>
                        <if test="vo.muId != null and vo.muId != ''">
                            and mu_id = #{vo.muId}
                        </if>
                        <if test="vo.mtId != null and vo.mtId != ''">
                            and mt_id = #{vo.mtId}
                        </if>
                        <if test="vo.pIds != null and vo.pIds.size() gt 0">
                            and pid in
                            <foreach collection="vo.pIds" item="pid" separator="," open="(" close=")">
                                #{pid}
                            </foreach>
                        </if>
                        GROUP BY
                            mu_id,
                            mt_id
                        ) b on dw.mu_id = b.mu_id and dw.at_id = b.mt_id
        where
            dw.del_flag = '0'
        <if test="vo.pid != null and vo.pid != ''">
            and dw.pid = #{vo.pid}
        </if>
        <if test="vo.muId != null and vo.muId != ''">
            and dw.mu_id = #{vo.muId}
        </if>
        <if test="vo.mtId != null and vo.mtId != ''">
            and dw.at_id = #{vo.mtId}
        </if>
        <if test="vo.pIds != null and vo.pIds.size() gt 0">
            and dw.pid in
            <foreach collection="vo.pIds" item="pid" separator="," open="(" close=")">
                #{pid}
            </foreach>
        </if>
    </select>

    <!-- 运维队长分析-维修中 -->
    <select id="mtlAnalysis4" resultType="com.ruoyi.hsw.dto.analysis.MtlAnalysisUnderRepairDto">
        SELECT
            u.user_id as userId,
            u.nick_name as realName,
            mu.name as maintenanceUnitsName,
            mt.name as maintenanceTeamName,
            IFNULL(a.totalOrder, 0) as totalOrder,
            IFNULL(a.repaire_timeout_Count, 0) as repaireTimeoutCount
        FROM
            sys_user u
            left join hsw_maintenance_units mu on u.maintenance_units_id = mu.id and mu.del_flag = '0'
            left join hsw_maintenance_team mt on u.team_id = mt.id and mt.del_flag = '0'
            left join (
                        select
                            pid,
                            mu_id,
                            count(id)totalOrder,
                            mt_id,
                            sum(case when now()-take_time>send_work_order_limit*3600 then 1 else 0 end) repaire_timeout_Count
                        from
                            hsw_job_view
                        where
                            `status`=2
                        <if test="vo.pIds != null and vo.pIds.size() gt 0">
                            and pid in
                            <foreach collection="vo.pIds" item="pid" separator="," open="(" close=")">
                                #{pid}
                            </foreach>
                        </if>
                        <if test="vo.pid != null and vo.pid != ''">
                            and pid = #{vo.pid}
                        </if>
                        <if test="vo.muId != null and vo.muId != ''">
                            and mu_id = #{vo.muId}
                        </if>
                        <if test="vo.mtId != null and vo.mtId != ''">
                            and mt_id = #{vo.mtId}
                        </if>
                        GROUP BY
                            pid,
                            mu_id,
                            mt_id
                        ) a on u.maintenance_units_id = a.mu_id and u.team_id = a.mt_id
        WHERE
            u.del_flag = '0'
        <if test="vo.userIds != null and vo.userIds.size() gt 0">
            and u.user_id in
            <foreach collection="vo.userIds" item="userId" separator="," open="(" close=")">
                #{userId}
            </foreach>
        </if>
        <if test="vo.muId != null and vo.muId != ''">
            and u.maintenance_units_id = #{vo.muId}
        </if>
        <if test="vo.mtId != null and vo.mtId != ''">
            and u.team_id = #{vo.mtId}
        </if>
    </select>

    <!--取所有的维修员及队长-->
    <select id="mtManAnalysis1ForAll" resultType="MtManAnalysisArtificialDto">
        SELECT
            u.user_id AS userId,
            nick_name AS realName,
            u.maintenance_units_id AS muId,
            u.team_id AS mtId,
            mu.`name` AS maintenanceUnitsName,
            mt.`name` AS maintenanceTeamName,
            0 as totalOrder,
            0 as totalRepairTime,
            0 as repairTimeoutCount,
            0 as totalSendTime,
            0 as sendTimeoutCount
        FROM
            sys_user u
            INNER JOIN hsw_maintenance_units mu ON mu.id = u.maintenance_units_id
            INNER JOIN hsw_maintenance_team mt ON mt.id = u.team_id
        WHERE
            u.del_flag = 0
    </select>
    <!-- 运维员分析-人工修复 -->
    <select id="mtManAnalysis1" resultType="com.ruoyi.hsw.dto.analysis.MtManAnalysisArtificialDto">
        select
            a.mu_id as muId,
            a.mt_id as mtId,
            a.user_id as userId,
            a.maintenance_units_name as maintenanceUnitsName,
            a.maintenance_team_name as maintenanceTeamName,
            IFNULL(a.totalOrder, 0) as totalOrder,
            IFNULL(a.total_repair_time, 0) as totalRepairTime,
            IFNULL(a.repair_timeout_Count, 0) as repairTimeoutCount,
            IFNULL(a.total_send_time, 0) as totalSendTime,
            IFNULL(a.send_timeout_Count, 0) as sendTimeoutCount,
            u.nick_name as realName
        FROM
            (select
                jv.mu_id,
                jv.mt_id,
                jv.receiver_id as user_id,
                jv.maintenance_units_name,
                jv.maintenance_team_name,
                sum(case when jv.`status`=3 then 1 else 0 END)totalOrder,
                sum(case when jv.`status`=3 then (jv.repair_time-jv.send_time) else 0 end) total_repair_time,
                sum(case when jv.`status`=3 and (jv.repair_time-jv.send_time>jv.timeout_hour*3600) then 1 else 0 end) repair_timeout_Count,
                sum(case when (jv.status=3 ) then (jv.send_time-jv.take_time) else 0 end) total_send_time,
                sum(case when (jv.status=3 ) and (jv.send_time-jv.take_time>jv.send_work_order_limit*3600) then 1 else 0 end) send_timeout_Count
            from
                hsw_job_view jv
            where
                jv.`status`=3
                and jv.flag_status=1
            <if test="vo.startTime != null and vo.startTime != '' and vo.endTime != null and vo.endTime != ''">
                and jv.take_time >= #{vo.startTime}
                and jv.take_time <![CDATA[ <= ]]> #{vo.endTime}
            </if>
            <if test="vo.pid != null and vo.pid != ''">
                and jv.pid = #{vo.pid}
            </if>
            <if test="vo.muId != null and vo.muId != ''">
                and jv.mu_id = #{vo.muId}
            </if>
            <if test="vo.mtId != null and vo.mtId != ''">
                and jv.mt_id = #{vo.mtId}
            </if>
            <if test="vo.timeoutLevel != null and vo.timeoutLevel != ''">
                and jv.timeout_level = #{vo.timeoutLevel}
            </if>
            <if test="vo.userId != null and vo.userId != ''">
                and jv.receiver_id = #{vo.userId}
            </if>
            <if test="vo.pIds != null and vo.pIds.size() gt 0">
                and jv.pid in
                <foreach collection="vo.pIds" item="pid" separator="," open="(" close=")">
                    #{pid}
                </foreach>
            </if>
            <if test="vo.muIds != null and vo.muIds.size() gt 0">
                and jv.mu_id in
                <foreach collection="vo.muIds" item="muId" separator="," open="(" close=")">
                    #{muId}
                </foreach>
            </if>
            GROUP BY
                jv.mu_id,
                jv.mt_id,
                jv.receiver_id,
                jv.maintenance_units_name,
                jv.maintenance_team_name) a
            left join sys_user u on a.user_id = u.user_id and u.del_flag = '0'
    </select>

    <!-- 运维员分析-维修中 -->
    <select id="mtManAnalysis4" resultType="com.ruoyi.hsw.dto.analysis.MtManAnalysisUnderRepairDto">
        select
            a.mu_id as muId,
            a.mt_id as mtId,
            a.receiver_id as userId,
            a.maintenance_units_name as maintenanceUnitsName,
            a.maintenance_team_name as maintenanceTeamName,
            IFNULL(a.totalOrder, 0) as totalOrder,
            IFNULL(a.repaire_timeout_Count, 0) as repaireTimeoutCount,
            u.nick_name as realName
        from
            (select
                mu_id,
                mt_id,
                receiver_id,
                maintenance_units_name,
                maintenance_team_name,
                count(id)totalOrder,
                sum(case when now()-take_time>send_work_order_limit*3600 then 1 else 0 end) repaire_timeout_Count
            from
                hsw_job_view
            where
                `status`=2
            <if test="vo.pid != null and vo.pid != ''">
                and pid = #{vo.pid}
            </if>
            <if test="vo.muId != null and vo.muId != ''">
                and mu_id = #{vo.muId}
            </if>
            <if test="vo.mtId != null and vo.mtId != ''">
                and mt_id = #{vo.mtId}
            </if>
            <if test="vo.timeoutLevel != null and vo.timeoutLevel != ''">
                and timeout_level = #{vo.timeoutLevel}
            </if>
            <if test="vo.userId != null and vo.userId != ''">
                and receiver_id = #{vo.userId}
            </if>
            <if test="vo.pIds != null and vo.pIds.size() gt 0">
                and pid in
                <foreach collection="vo.pIds" item="pid" separator="," open="(" close=")">
                    #{pid}
                </foreach>
            </if>
            <if test="vo.muIds != null and vo.muIds.size() gt 0">
                and mu_id in
                <foreach collection="vo.muIds" item="muId" separator="," open="(" close=")">
                    #{muId}
                </foreach>
            </if>
            GROUP BY
                mu_id,
                mt_id,
                receiver_id,
                maintenance_units_name,
                maintenance_team_name
            ) a
            left join sys_user u on a.receiver_id = u.user_id
    </select>

    <!-- 设备厂商分析-获取设备数 -->
    <select id="selectDeviceCount" resultType="java.lang.Integer">
        SELECT
            count(*)
        FROM
            hsw_optical_transceiver_view
        WHERE
            1=1
        <if test="manufacturer != null and manufacturer != ''">
            and manufacturer = #{manufacturer}
        </if>
        <if test="vo.pIds != null and vo.pIds.size() gt 0">
            and pid in
            <foreach collection="vo.pIds" item="pid" separator="," open="(" close=")">
                #{pid}
            </foreach>
        </if>
    </select>

    <!-- 设备厂商分析-获取故障设备数 -->
    <select id="selectFaultCount" resultType="java.lang.Integer">
        select
            count(a.ip)
        FROM
            (select
                DISTINCT ip
            FROM
                hsw_fault_optical_transceiver
            where
                port = 0
            <choose>
                <when test="vo.analysisType == 1">
                    and status = 3
                </when>
                <otherwise>
                    and status in(0,2,4)
                </otherwise>
            </choose>
            <if test="manufacturer != null and manufacturer != ''">
                and manufacturer = #{manufacturer}
            </if>
            <if test="vo.startTime != null and vo.startTime != '' and vo.endTime != null and vo.endTime != ''">
                and take_time >= #{vo.startTime}
                and take_time <![CDATA[ <= ]]> #{vo.endTime}
            </if>
            <if test="vo.repaireHour gt 0">
                and repair_time_count <![CDATA[ <= ]]> (#{vo.repaireHour} * 3600)
            </if>
            <if test="vo.pIds != null and vo.pIds.size() gt 0">
                and pid in
                <foreach collection="vo.pIds" item="pid" separator="," open="(" close=")">
                    #{pid}
                </foreach>
            </if>
            ) a
    </select>

    <!-- 设备厂商分析-获取设备数(摄像机) -->
    <select id="selectDeviceCountByDeviceType" resultType="java.lang.Integer">
        select
            count(*)
        FROM
            hsw_camera_view
        WHERE
            1=1
        <if test="manufacturer != null and manufacturer != ''">
            and manufacturer = #{manufacturer}
        </if>
        <if test="vo.pIds != null and vo.pIds.size() gt 0">
            and pid in
            <foreach collection="vo.pIds" item="pid" separator="," open="(" close=")">
                #{pid}
            </foreach>
        </if>
        <if test="vo.deviceType != null and vo.deviceType != ''">
            and device_type = #{vo.deviceType}
        </if>
    </select>

    <!-- 设备厂商分析-获取故障设备数(摄像机) -->
    <select id="selectFaultCountByDeviceType" resultType="java.lang.Integer">
        select
          count(*)
        from
          (select DISTINCT
            ip,
            port
          from
            hsw_fault_camera
          where
            1=1
            <choose>
                <when test="vo.analysisType == 1">
                    and status = 3
                </when>
                <otherwise>
                    and status in(0,2,4)
                </otherwise>
            </choose>
            <if test="manufacturer != null and manufacturer != ''">
                and manufacturer = #{manufacturer}
            </if>
            <if test="vo.startTime != null and vo.startTime != '' and vo.endTime != null and vo.endTime != ''">
                and take_time >= #{vo.startTime}
                and take_time <![CDATA[ <= ]]> #{vo.endTime}
            </if>
            <if test="vo.repaireHour gt 0">
                and repair_time_count <![CDATA[ <= ]]> (#{vo.repaireHour} * 3600)
            </if>
            <if test="vo.pIds != null and vo.pIds.size() gt 0">
                and pid in
                <foreach collection="vo.pIds" item="pid" separator="," open="(" close=")">
                    #{pid}
                </foreach>
            </if>
        ) a
    </select>

    <!-- 网络运营商分析 -->
    <select id="networkOperators" resultType="com.ruoyi.hsw.dto.analysis.NetworkOperators1Dto">
        SELECT
            title as projectTitle,
            pid,
            communications_operations as communicationsOperations,
            IFNULL(sum( CASE WHEN type = 2 OR type = 6 THEN 1 ELSE 0 END), 0) as faultCount,
            IFNULL(sum( CASE WHEN (type = 2 OR type = 6) THEN (repair_time - take_time) ELSE 0 END ), 0) as totalRepairTime
        FROM
            hsw_fault_project
        WHERE
            1 = 1
        <choose>
            <when test="vo.analysisType == 1">
                and status = 3
            </when>
            <otherwise>
                and status = 2
            </otherwise>
        </choose>
        <if test="vo.startTime != null and vo.startTime != '' and vo.endTime != null and vo.endTime != ''">
            and take_time >= #{vo.startTime}
            and take_time <![CDATA[ <= ]]> #{vo.endTime}
        </if>
        <if test="vo.pid != null and vo.pid != ''">
            and pid = #{vo.pid}
        </if>
        <if test="vo.repaireHour gt 0">
            and repair_time_count <![CDATA[ <= ]]> (#{vo.repaireHour} * 3600)
        </if>
        <if test="vo.communicationsOperations != null and vo.communicationsOperations != ''">
            and communications_operations = #{vo.communicationsOperations}
        </if>
        <if test="vo.pIds != null and vo.pIds.size() gt 0">
            and pid in
            <foreach collection="vo.pIds" item="pid" separator="," open="(" close=")">
                #{pid}
            </foreach>
        </if>
        GROUP BY
            communications_operations,
            pid,
            title
    </select>

    <!-- 电力运营商分析 -->
    <select id="powerOperators" resultType="com.ruoyi.hsw.dto.analysis.PowerOperators1Dto">
        select
            title as projectTitle,
            pid,
            electricity_operating as electricityOperating,
            IFNULL(sum(case when type=1 then 1 else 0 end), 0) as faultCount,
            IFNULL(sum(case when type=1 then (repair_time-take_time) else 0 end), 0) as totalRepairTime
        from
            hsw_fault_project
        where
            1=1
        <choose>
            <when test="vo.analysisType == 1">
                and status = 3
            </when>
            <otherwise>
                and status = 2
            </otherwise>
        </choose>
        <if test="vo.startTime != null and vo.startTime != '' and vo.endTime != null and vo.endTime != ''">
            and take_time >= #{vo.startTime}
            and take_time <![CDATA[ <= ]]> #{vo.endTime}
        </if>
        <if test="vo.pid != null and vo.pid != ''">
            and pid = #{vo.pid}
        </if>
        <if test="vo.repaireHour gt 0">
            and repair_time_count <![CDATA[ <= ]]> (#{vo.repaireHour} * 3600)
        </if>
        <if test="vo.electricityOperating != null and vo.electricityOperating != ''">
            and electricity_operating = #{vo.electricityOperating}
        </if>
        <if test="vo.pIds != null and vo.pIds.size() gt 0">
            and pid in
            <foreach collection="vo.pIds" item="pid" separator="," open="(" close=")">
                #{pid}
            </foreach>
        </if>
        group by
            electricity_operating,
            pid,
            title
    </select>

    <!-- 派单员分析 -->
    <select id="dispatcher" resultType="com.ruoyi.hsw.dto.analysis.Dispatcher1Dto">
        select
            a.user_id as userId,
            a.nick_name as realName,
            IFNULL(b.totalSendOrder, 0) as totalSendOrder,
            IFNULL(b.send_time_Count, 0) as sendTimeCount,
            IFNULL(b.send_timeout, 0) as sendTimeout
        from
            (select
                *
            from
                sys_user
            where
                user_id in(
                            select
                                user_id
                            from
                                sys_user_role
                            where
                                role_id = 11
                          )
            <if test="vo.userId != null and vo.userId != ''">
                and user_id = #{vo.userId}
            </if>
            )a
            left join (select
                            send_uid,
                            count(id) totalSendOrder,
                            sum(send_time-take_time)send_time_Count,
                            sum(case when(send_time-take_time>send_work_order_limit*3600) then 1 else 0 end) send_timeout
                        from
                            hsw_job_view
                        where
                            1=1
                        <if test="vo.startTime != null and vo.startTime != '' and vo.endTime != null and vo.endTime != ''">
                            and take_time >= #{vo.startTime}
                            and take_time <![CDATA[ <= ]]> #{vo.endTime}
                        </if>
                        <if test="vo.sendHour gt 0">
                            and repair_time_count <![CDATA[ <= ]]> (#{vo.sendHour} * 3600)
                        </if>
                        <!--<if test="vo.userId != null and vo.userId != ''">-->
                            <!--and send_uid = #{vo.userId}-->
                        <!--</if>-->
                        <!--<if test="vo.userIds gt 0">-->
                            <!--and send_uid in-->
                            <!--<foreach collection="vo.userIds" item="userIds" separator="," open="(" close=")">-->
                                <!--#{user_id}-->
                            <!--</foreach>-->
                        <!--</if>-->
                        GROUP BY
                            send_uid
                        )b on a.user_id = b.send_uid
    </select>

    <!-- 工单记录-列表 -->
    <select id="ordersList" resultType="com.ruoyi.hsw.dto.JobViewDto">
        SELECT
            id,
            job_no as jobNo,
            fault_id as faultId,
            fault_no as faultNo,
            create_time as createTime,
            send_time as sendTime,
            send_uid as sendUid,
            receiver_id as receiverId,
            receiver_time as receiverTime,
            STATUS as status,
            repair_time as repairTime,
            repair_record as repairRecord,
            remark,
            flag_status as flagStatus,
            region_name as regionName,
            ip,
            PORT as port,
            take_time as takeTime,
            mt_id as mtId,
            area,
            province,
            city,
            district,
            type,
            mu_id as muId,
            project_title as projectTitle,
            cu_id as cuId,
            hang_up_time as hangUpTime,
            hang_up_reason as hangUpReason,
            maintenance_units_name as maintenanceUnitsName,
            resume_time as resumeTime,
            handle_status as handleStatus,
            zigzag_status as zigzagStatuszigzagStatus,
            zigzag_type as zigzagType,
            influence_camera_count as influenceCameraCount,
            zigzag_count as zigzagCount,
            divide_work_id as divideWorkId,
            today_take_count as todayTakeCount,
            pid,
            datestr,
            monthstr,
            maintenance_team_name as maintenanceTeamName,
            timeout_level as timeoutLevel,
            start_distance as startDistance,
            end_distance as endDistance,
            send_work_order_limit as sendWorkOrderLimit,
            device_distance as deviceDistance,
            timeout_hour as timeoutHour,
            repair_time_count as repairTimeCount,
            send_time_count as sendTimeCount,
            network
        FROM
            hsw_job_view
        WHERE
            status = 3
        <if test="vo.pid != null and vo.pid != ''">
            and pid = #{vo.pid}
        </if>
        <if test="vo.muId != null and vo.muId != ''">
            and mu_id = #{vo.muId}
        </if>
        <if test="vo.mtId != null and vo.mtId != ''">
            and mt_id = #{vo.mtId}
        </if>
        <if test="vo.sendUid != null and vo.sendUid != ''">
            and send_uid = #{vo.sendUid}
        </if>
        <if test="vo.receiverId != null and vo.receiverId != ''">
            and receiver_id = #{vo.receiverId}
        </if>
        <if test="vo.timeoutLevel != null and vo.timeoutLevel != ''">
            and timeout_level = #{vo.timeoutLevel}
        </if>
        <if test="vo.startTime != null and vo.startTime != '' and vo.endTime != null and vo.endTime != ''">
            and take_time >= #{vo.startTime}
            and take_time <![CDATA[ <= ]]> #{vo.endTime}
        </if>
        order by
            repair_time_count
    </select>

    <!-- 工单记录-饼状图 -->
    <select id="ordersPieChart" resultType="com.ruoyi.hsw.dto.PicChartDto">
        select
          sum(case hsw_job_view.type when 1 then 1 else 0 end ) type1Count,
          sum(case hsw_job_view.type when 2 then 1 else 0 end ) type2Count,
          sum(case hsw_job_view.type when 3 then 1 else 0 end ) type3Count,
          sum(case hsw_job_view.type when 5 then 1 else 0 end ) type5Count,
          sum(case hsw_job_view.type when 6 then 1 else 0 end ) type6Count,
          sum(case hsw_job_view.type when 7 then 1 else 0 end ) type7Count,
          sum(case hsw_job_view.type when 9 then 1 else 0 end ) type9Count,
          sum(case hsw_job_view.type when 11 then 1 else 0 end ) type11Count
        from
          hsw_job_view
        where
          status=3
          and flag_status=1
        <if test="vo.pid != null and vo.pid != ''">
            and pid = #{vo.pid}
        </if>
        <if test="vo.pIds != null and vo.pIds.size() gt 0">
            and pid in
            <foreach collection="vo.pIds" item="pid" separator="," open="(" close=")">
                #{pid}
            </foreach>
        </if>
        <if test="vo.muId != null and vo.muId != ''">
            and mu_id = #{vo.muId}
        </if>
        <if test="vo.mtId != null and vo.mtId != ''">
            and mt_id = #{vo.mtId}
        </if>
        <if test="vo.sendUid != null and vo.sendUid != ''">
            and send_uid = #{vo.sendUid}
        </if>
        <if test="vo.receiverId != null and vo.receiverId != ''">
            and receiver_id = #{vo.receiverId}
        </if>
        <if test="vo.timeoutLevel != null and vo.timeoutLevel != ''">
            and timeout_level = #{vo.timeoutLevel}
        </if>
        <if test="vo.startTime != null and vo.startTime != '' and vo.endTime != null and vo.endTime != ''">
            and take_time >= #{vo.startTime}
            and take_time <![CDATA[ <= ]]> #{vo.endTime}
        </if>
    </select>

    <!-- 派单记录-列表 -->
    <select id="sendOrdersList" resultType="com.ruoyi.hsw.dto.JobViewDto">
        SELECT
            id,
            job_no as jobNo,
            fault_id as faultId,
            fault_no as faultNo,
            create_time as createTime,
            send_time as sendTime,
            send_uid as sendUid,
            receiver_id as receiverId,
            receiver_time as receiverTime,
            STATUS as status,
            repair_time as repairTime,
            repair_record as repairRecord,
            remark,
            flag_status as flagStatus,
            region_name as regionName,
            ip,
            PORT as port,
            take_time as takeTime,
            mt_id as mtId,
            area,
            province,
            city,
            district,
            type,
            mu_id as muId,
            project_title as projectTitle,
            cu_id as cuId,
            hang_up_time as hangUpTime,
            hang_up_reason as hangUpReason,
            maintenance_units_name as maintenanceUnitsName,
            resume_time as resumeTime,
            handle_status as handleStatus,
            zigzag_status as zigzagStatuszigzagStatus,
            zigzag_type as zigzagType,
            influence_camera_count as influenceCameraCount,
            zigzag_count as zigzagCount,
            divide_work_id as divideWorkId,
            today_take_count as todayTakeCount,
            pid,
            datestr,
            monthstr,
            maintenance_team_name as maintenanceTeamName,
            timeout_level as timeoutLevel,
            start_distance as startDistance,
            end_distance as endDistance,
            send_work_order_limit as sendWorkOrderLimit,
            device_distance as deviceDistance,
            timeout_hour as timeoutHour,
            repair_time_count as repairTimeCount,
            send_time_count as sendTimeCount,
            network
        FROM
            hsw_job_view
        WHERE
            flag_status = 1
        <choose>
            <when test="vo.analysisType == 1">
                and status = 3
            </when>
            <otherwise>
                and status = 0
            </otherwise>
        </choose>
        <if test="vo.pid != null and vo.pid != ''">
            and pid = #{vo.pid}
        </if>
        <if test="vo.muId != null and vo.muId != ''">
            and mu_id = #{vo.muId}
        </if>
        <if test="vo.mtId != null and vo.mtId != ''">
            and mt_id = #{vo.mtId}
        </if>
        <if test="vo.sendUid != null and vo.sendUid != ''">
            and send_uid = #{vo.sendUid}
        </if>
        <if test="vo.timeoutLevel != null and vo.timeoutLevel != ''">
            and timeout_level = #{vo.timeoutLevel}
        </if>
        <if test="vo.startTime != null and vo.startTime != '' and vo.endTime != null and vo.endTime != ''">
            and take_time >= #{vo.startTime}
            and take_time <![CDATA[ <= ]]> #{vo.endTime}
        </if>
        order by
            repair_time_count
    </select>

    <!-- 派单记录-饼状图 -->
    <select id="sendOrdersPieChart" resultType="com.ruoyi.hsw.dto.PicChartDto">
        select
            sum(case hsw_job_view.type when 1 then 1 else 0 end ) type1Count,
            sum(case hsw_job_view.type when 2 then 1 else 0 end ) type2Count,
            sum(case hsw_job_view.type when 3 then 1 else 0 end ) type3Count,
            sum(case hsw_job_view.type when 5 then 1 else 0 end ) type5Count,
            sum(case hsw_job_view.type when 6 then 1 else 0 end ) type6Count,
            sum(case hsw_job_view.type when 7 then 1 else 0 end ) type7Count,
            sum(case hsw_job_view.type when 9 then 1 else 0 end ) type9Count,
            sum(case hsw_job_view.type when 11 then 1 else 0 end ) type11Count
        from
            hsw_job_view
        where
            (status<![CDATA[ <> ]]>0 or status<![CDATA[ <> ]]>1 status<![CDATA[ <> ]]>5)
            and flag_status=1
        <if test="vo.pid != null and vo.pid != ''">
            and pid = #{vo.pid}
        </if>
        <if test="vo.pIds != null and vo.pIds.size() gt 0">
            and pid in
            <foreach collection="vo.pIds" item="pid" separator="," open="(" close=")">
                #{pid}
            </foreach>
        </if>
        <if test="vo.muId != null and vo.muId != ''">
            and mu_id = #{vo.muId}
        </if>
        <if test="vo.mtId != null and vo.mtId != ''">
            and mt_id = #{vo.mtId}
        </if>
        <if test="vo.sendUid != null and vo.sendUid != ''">
            and send_uid = #{vo.sendUid}
        </if>
        <if test="vo.timeoutLevel != null and vo.timeoutLevel != ''">
            and timeout_level = #{vo.timeoutLevel}
        </if>
        <if test="vo.startTime != null and vo.startTime != '' and vo.endTime != null and vo.endTime != ''">
            and take_time >= #{vo.startTime}
            and take_time <![CDATA[ <= ]]> #{vo.endTime}
        </if>
    </select>

    <!-- 自动恢复记录-列表 -->
    <select id="autoRepairFaultList" resultType="com.ruoyi.hsw.dto.FaultViewDto">
        SELECT
            id,
            fault_no as faultNo,
            region_name as regionName,
            ip,
            sn,
            PORT as port,
            take_time as takeTime,
            pid,
            descr,
            STATUS as status,
            flag_status as flagStatus,
            repair_time as repairTime,
            job_id as jobId,
            job_no as jobNo,
            mt_id as mtId,
            area,
            type,
            mu_id as muId,
            today_take_count as todayTakeCount,
            divide_work_id as divideWorkId,
            datestr,
            monthstr,
            zigzag_count as zigzagCount,
            influence_camera_count as influenceCameraCount,
            zigzag_type as zigzagType,
            zigzag_status as zigzagStatus,
            op_state as opState,
            timeout_level as timeoutLevel,
            start_distance as startDistance,
            end_distance as endDistance,
            timeout_hour as timeoutHour,
            device_distance as deviceDistance,
            send_work_order_limit as sendWorkOrderLimit,
            auto_repair_time_count as autoRepairTimeCount,
            network,
            province,
            city,
            district,
            project_title as projectTitle,
            maintenance_units_name as maintenanceUnitsName,
            maintenance_team_name as maintenanceTeamName,
            cu_id as cuId
        FROM
            hsw_fault_view
        WHERE
            flag_status = 1
            and status = 5
        <if test="vo.pid != null and vo.pid != ''">
            and pid = #{vo.pid}
        </if>
        <if test="vo.muId != null and vo.muId != ''">
            and mu_id = #{vo.muId}
        </if>
        <if test="vo.mtId != null and vo.mtId != ''">
            and mt_id = #{vo.mtId}
        </if>
        <if test="vo.startTime != null and vo.startTime != '' and vo.endTime != null and vo.endTime != ''">
            and take_time >= #{vo.startTime}
            and take_time <![CDATA[ <= ]]> #{vo.endTime}
        </if>
        order by
            auto_repair_time_count
    </select>

    <!-- 自动恢复记录-饼状图 -->
    <select id="autoRepairFaultPieChart" resultType="com.ruoyi.hsw.dto.PicChartDto">
        select
            sum(case hsw_fault_view.type when 1 then 1 else 0 end ) type1Count,
            sum(case hsw_fault_view.type when 2 then 1 else 0 end ) type2Count,
            sum(case hsw_fault_view.type when 3 then 1 else 0 end ) type3Count,
            sum(case hsw_fault_view.type when 5 then 1 else 0 end ) type5Count,
            sum(case hsw_fault_view.type when 6 then 1 else 0 end ) type6Count,
            sum(case hsw_fault_view.type when 7 then 1 else 0 end ) type7Count,
            sum(case hsw_fault_view.type when 9 then 1 else 0 end ) type9Count,
            sum(case hsw_fault_view.type when 11 then 1 else 0 end ) type11Count
        from
            hsw_fault_view
        where
            status = 5
        <if test="vo.pid != null and vo.pid != ''">
            and pid = #{vo.pid}
        </if>
        <if test="vo.pIds != null and vo.pIds.size() gt 0">
            and pid in
            <foreach collection="vo.pIds" item="pid" separator="," open="(" close=")">
                #{pid}
            </foreach>
        </if>
        <if test="vo.muId != null and vo.muId != ''">
            and mu_id = #{vo.muId}
        </if>
        <if test="vo.mtId != null and vo.mtId != ''">
            and mt_id = #{vo.mtId}
        </if>
        <if test="vo.startTime != null and vo.startTime != '' and vo.endTime != null and vo.endTime != ''">
            and take_time >= #{vo.startTime}
            and take_time <![CDATA[ <= ]]> #{vo.endTime}
        </if>
    </select>

    <!-- 自动恢复记录-列表 -->
    <select id="noSendFaultList" resultType="com.ruoyi.hsw.dto.FaultViewDto">
        SELECT
            id,
            fault_no as faultNo,
            region_name as regionName,
            ip,
            sn,
            PORT as port,
            take_time as takeTime,
            pid,
            descr,
            STATUS as status,
            flag_status as flagStatus,
            repair_time as repairTime,
            job_id as jobId,
            job_no as jobNo,
            mt_id as mtId,
            area,
            type,
            mu_id as muId,
            today_take_count as todayTakeCount,
            divide_work_id as divideWorkId,
            datestr,
            monthstr,
            zigzag_count as zigzagCount,
            influence_camera_count as influenceCameraCount,
            zigzag_type as zigzagType,
            zigzag_status as zigzagStatus,
            op_state as opState,
            timeout_level as timeoutLevel,
            start_distance as startDistance,
            end_distance as endDistance,
            timeout_hour as timeoutHour,
            device_distance as deviceDistance,
            send_work_order_limit as sendWorkOrderLimit,
            auto_repair_time_count as autoRepairTimeCount,
            network,
            province,
            city,
            district,
            project_title as projectTitle,
            maintenance_units_name as maintenanceUnitsName,
            maintenance_team_name as maintenanceTeamName,
            cu_id as cuId
        FROM
            hsw_fault_view
        WHERE
            flag_status = 0
            and status = 0
          <if test="vo.pid != null and vo.pid != ''">
              and pid = #{vo.pid}
          </if>
          <if test="vo.muId != null and vo.muId != ''">
              and mu_id = #{vo.muId}
          </if>
          <if test="vo.mtId != null and vo.mtId != ''">
              and mt_id = #{vo.mtId}
          </if>
        order by
            send_time_count
    </select>

    <!-- 自动恢复记录-饼状图 -->
    <select id="noSendFaultPieChart" resultType="com.ruoyi.hsw.dto.PicChartDto">
        select
            sum(case hsw_fault_view.type when 1 then 1 else 0 end ) type1Count,
            sum(case hsw_fault_view.type when 2 then 1 else 0 end ) type2Count,
            sum(case hsw_fault_view.type when 3 then 1 else 0 end ) type3Count,
            sum(case hsw_fault_view.type when 5 then 1 else 0 end ) type5Count,
            sum(case hsw_fault_view.type when 6 then 1 else 0 end ) type6Count,
            sum(case hsw_fault_view.type when 7 then 1 else 0 end ) type7Count,
            sum(case hsw_fault_view.type when 9 then 1 else 0 end ) type9Count,
            sum(case hsw_fault_view.type when 11 then 1 else 0 end ) type11Count
        from
            hsw_fault_view
        where
            status = 0
        <if test="vo.pid != null and vo.pid != ''">
            and pid = #{vo.pid}
        </if>
        <if test="vo.muId != null and vo.muId != ''">
            and mu_id = #{vo.muId}
        </if>
        <if test="vo.mtId != null and vo.mtId != ''">
            and mt_id = #{vo.mtId}
        </if>
        <if test="vo.startTime != null and vo.startTime != '' and vo.endTime != null and vo.endTime != ''">
            and take_time >= #{vo.startTime}
            and take_time <![CDATA[ <= ]]> #{vo.endTime}
        </if>
    </select>

    <!-- 自动恢复记录-列表 -->
    <select id="underRepairList" resultType="com.ruoyi.hsw.dto.JobViewDto">
        SELECT
            id,
            job_no as jobNo,
            fault_id as faultId,
            fault_no as faultNo,
            create_time as createTime,
            send_time as sendTime,
            send_uid as sendUid,
            receiver_id as receiverId,
            receiver_time as receiverTime,
            STATUS as status,
            repair_time as repairTime,
            repair_record as repairRecord,
            remark,
            flag_status as flagStatus,
            region_name as regionName,
            ip,
            PORT as port,
            take_time as takeTime,
            mt_id as mtId,
            area,
            province,
            city,
            district,
            type,
            mu_id as muId,
            project_title as projectTitle,
            cu_id as cuId,
            hang_up_time as hangUpTime,
            hang_up_reason as hangUpReason,
            maintenance_units_name as maintenanceUnitsName,
            resume_time as resumeTime,
            handle_status as handleStatus,
            zigzag_status as zigzagStatuszigzagStatus,
            zigzag_type as zigzagType,
            influence_camera_count as influenceCameraCount,
            zigzag_count as zigzagCount,
            divide_work_id as divideWorkId,
            today_take_count as todayTakeCount,
            pid,
            datestr,
            monthstr,
            maintenance_team_name as maintenanceTeamName,
            timeout_level as timeoutLevel,
            start_distance as startDistance,
            end_distance as endDistance,
            send_work_order_limit as sendWorkOrderLimit,
            device_distance as deviceDistance,
            timeout_hour as timeoutHour,
            repair_time_count as repairTimeCount,
            send_time_count as sendTimeCount,
            network
        FROM
            hsw_job_view
        WHERE
            flag_status = 0
            and status = 2
          <if test="vo.pid != null and vo.pid != ''">
              and pid = #{vo.pid}
          </if>
          <if test="vo.muId != null and vo.muId != ''">
             and mu_id = #{vo.muId}
          </if>
          <if test="vo.mtId != null and vo.mtId != ''">
               and mt_id = #{vo.mtId}
          </if>
          <if test="vo.timeoutLevel != null and vo.timeoutLevel != ''">
              and timeout_level = #{vo.timeoutLevel}
          </if>
          <if test="vo.receiverId != null and vo.receiverId != ''">
              and receiver_id = #{vo.receiverId}
          </if>
        order by
            repair_time_count
    </select>

    <!-- 自动恢复记录-饼状图 -->
    <select id="underRepairPieChart" resultType="com.ruoyi.hsw.dto.PicChartDto">
        select
          sum(case hsw_fault_view.type when 1 then 1 else 0 end ) type1Count,
          sum(case hsw_fault_view.type when 2 then 1 else 0 end ) type2Count,
          sum(case hsw_fault_view.type when 3 then 1 else 0 end ) type3Count,
          sum(case hsw_fault_view.type when 5 then 1 else 0 end ) type5Count,
          sum(case hsw_fault_view.type when 6 then 1 else 0 end ) type6Count,
          sum(case hsw_fault_view.type when 7 then 1 else 0 end ) type7Count,
          sum(case hsw_fault_view.type when 9 then 1 else 0 end ) type9Count,
          sum(case hsw_fault_view.type when 11 then 1 else 0 end ) type11Count
        from
          hsw_fault_view
        where
          status = 2
          and flag_status = 0
          <if test="vo.pid != null and vo.pid != ''">
              and pid = #{vo.pid}
          </if>
          <if test="vo.pIds != null and vo.pIds.size() gt 0">
              and pid in
              <foreach collection="vo.pIds" item="pid" separator="," open="(" close=")">
                  #{pid}
              </foreach>
          </if>
          <if test="vo.muId != null and vo.muId != ''">
              and mu_id = #{vo.muId}
          </if>
          <if test="vo.mtId != null and vo.mtId != ''">
              and mt_id = #{vo.mtId}
          </if>
          <if test="vo.receiverId != null and vo.receiverId != ''">
              and receiver_id = #{vo.receiverId}
          </if>
          <if test="vo.startTime != null and vo.startTime != '' and vo.endTime != null and vo.endTime != ''">
              and take_time >= #{vo.startTime}
              and take_time <![CDATA[ <= ]]> #{vo.endTime}
          </if>
    </select>

    <!--  设备-故障设备记录-光纤收发器-列表 -->
    <select id="faultDevicesList" resultType="com.ruoyi.hsw.dto.FaultOpticalTransceiverDto">
        select
            id,
            fault_no as faultNo,
            region_name as regionName,
            ip,
            sn,
            port,
            type,
            take_time as takeTime,
            pid,
            descr,
            status,
            flag_status as flagStatus,
            repair_time as repairTime,
            job_id as jobId,
            job_no as jobNo,
            mt_id as mtId,
            area,
            mu_id as muId,
            today_take_count as todayTakeCount,
            divide_work_id as divideWorkId,
            op_state as opState,
            zigzag_count as zigzagCount,
            influence_camera_count as influenceCameraCount,
            zigzag_type as zigzagType,
            zigzag_status as zigzagStatus,
            timeout_level as timeoutLevel,
            start_distance as startDistance,
            end_distance as endDistance,
            timeout_hour as timeoutHour,
            device_distance as deviceDistance,
            send_work_order_limit as sendWorkOrderLimit,
            manufacturer as manufacturer,
            repair_time_count as repairTimeCount
        from
            hsw_fault_optical_transceiver
        where
            1=1
        <choose>
            <when test="vo.analysisType == 1">
                and status = 3
            </when>
            <otherwise>
                and status = 2
            </otherwise>
        </choose>
        <if test="vo.pIds != null and vo.pIds.size() gt 0">
            and pid in
            <foreach collection="vo.pIds" item="pid" separator="," open="(" close=")">
                #{pid}
            </foreach>
        </if>
        <if test="vo.manufacturer != null and vo.manufacturer != ''">
            and manufacturer = #{vo.manufacturer}
        </if>
        <if test="vo.repaireHour != null and vo.repaireHour != ''">
            and repaire_hour = #{vo.repaireHour}
        </if>
        <if test="vo.startTime != null and vo.startTime != '' and vo.endTime != null and vo.endTime != ''">
            and take_time >= #{vo.startTime}
            and take_time <![CDATA[ <= ]]> #{vo.endTime}
        </if>
        order by
            repair_time_count
    </select>

    <!-- 设备-故障设备记录-摄像机-列表 -->
    <select id="faultDevicesCameraList" resultType="com.ruoyi.hsw.dto.FaultCameraDto">
        select
            id,
            fault_no as faultNo,
            region_name as regionName,
            ip,
            sn,
            port,
            type,
            take_time as takeTime,
            pid,
            descr,
            status,
            flag_status as flagStatus,
            repair_time as repairTime,
            job_id as jobId,
            job_no as jobNo,
            mt_id as mtId,
            area,
            mu_id as muId,
            today_take_count as todayTakeCount,
            divide_work_id as divideWorkId,
            op_state as opState,
            zigzag_count as zigzagCount,
            influence_camera_count as influenceCameraCount,
            zigzag_type as zigzagType,
            zigzag_status as zigzagStatus,
            timeout_level as timeoutLevel,
            start_distance as startDistance,
            end_distance as ,endDistance
            timeout_hour as timeoutHour,
            device_distance as deviceDistance,
            send_work_order_limit as sendWorkOrderLimit,
            manufacturer,
            device_type as deviceType,
            repair_time_count as repairTimeCount,
            network
        from
            hsw_fault_camera
        where
            1=1
        <choose>
            <when test="vo.analysisType == 1">
                and status = 3
            </when>
            <otherwise>
                and status = 2
            </otherwise>
        </choose>
        <if test="vo.pIds != null and vo.pIds.size() gt 0">
            and pid in
            <foreach collection="vo.pIds" item="pid" separator="," open="(" close=")">
                #{pid}
            </foreach>
        </if>
        <if test="vo.manufacturer != null and vo.manufacturer != ''">
            and manufacturer = #{vo.manufacturer}
        </if>
        <if test="vo.repaireHour != null and vo.repaireHour != ''">
            and repaire_hour = #{vo.repaireHour}
        </if>
        <if test="vo.startTime != null and vo.startTime != '' and vo.endTime != null and vo.endTime != ''">
            and take_time >= #{vo.startTime}
            and take_time <![CDATA[ <= ]]> #{vo.endTime}
        </if>
        order by
            repair_time_count
    </select>

    <!-- 设备-故障设备记录-设备类型-饼状图 -->
    <select id="faultDevicesTypePieChart" resultType="com.ruoyi.hsw.dto.PicChartDto">
        select
            sum(case when device_type='枪机' then 1 else 0 end) dt1,
            sum(case when device_type='球机' then 1 else 0 end) dt2,
            sum(case when device_type='半球机' then 1 else 0 end) dt3
        from
            hsw_fault_camera
        where
          1=1
        <if test="vo.pIds != null and vo.pIds.size() gt 0">
            and pid in
            <foreach collection="vo.pIds" item="pid" separator="," open="(" close=")">
                #{pid}
            </foreach>
        </if>
        <if test="vo.manufacturer != null and vo.manufacturer != ''">
            and manufacturer = #{vo.manufacturer}
        </if>
        <choose>
            <when test="vo.analysisType == 1">
                and status = 3
            </when>
            <otherwise>
                and status = 2
            </otherwise>
        </choose>
        <if test="vo.repaireHour != null and vo.repaireHour != ''">
            and repair_time_count<![CDATA[ <= ]]>#{vo.repaire_hour}*3600
        </if>
        <if test="vo.startTime != null and vo.startTime != '' and vo.endTime != null and vo.endTime != ''">
            and take_time >= #{vo.startTime}
            and take_time <![CDATA[ <= ]]> #{vo.endTime}
        </if>
    </select>

    <!-- 设备-故障设备记录-维修效率-饼状图 -->
    <select id="faultDevicesPieChart" resultType="com.ruoyi.hsw.dto.PicCharEquDto">
        select
            sum(case when repair_time_count>0 and repair_time_count<![CDATA[ <= ]]>6*3600 then 1 else 0 end) hour1,
            sum(case when repair_time_count>6*3600 and repair_time_count<![CDATA[ <= ]]>12*3600 then 1 else 0 end) hour2,
            sum(case when repair_time_count>12*3600 and repair_time_count<![CDATA[ < ]]>24*3600 then 1 else 0 end) hour3,
            sum(case when repair_time_count>24*3600 and repair_time_count<![CDATA[ <= ]]>72*3600 then 1 else 0 end) hour4,
            sum(case when repair_time_count>72*3600 then 1 else 0 end) hour5
        from
            hsw_fault_camera
        where
        1=1
        <if test="vo.pIds != null and vo.pIds.size() gt 0">
            and pid in
            <foreach collection="vo.pIds" item="pid" separator="," open="(" close=")">
                #{pid}
            </foreach>
        </if>
        <if test="vo.manufacturer != null and vo.manufacturer != ''">
            and manufacturer = #{vo.manufacturer}
        </if>
        <choose>
            <when test="vo.analysisType == 1">
                and status = 3
            </when>
            <otherwise>
                and status = 2
            </otherwise>
        </choose>
        <if test="vo.repaireHour != null and vo.repaireHour != ''">
            and repair_time_count<![CDATA[ <= ]]>#{vo.repaire_hour}*3600
        </if>
        <if test="vo.startTime != null and vo.startTime != '' and vo.endTime != null and vo.endTime != ''">
            and take_time >= #{vo.startTime}
            and take_time <![CDATA[ <= ]]> #{vo.endTime}
        </if>
    </select>

    <!-- 网络运营商故障记录-列表 -->
    <select id="netWorkFaultList" resultType="com.ruoyi.hsw.dto.FaultProjectDto">
        select
            send_work_order_limit as sendWorkOrderLimit,
            id,
            fault_no as faultNo,
            region_name as regionName,
            ip,
            sn,
            port,
            type,
            pid,
            take_time as takeTime,
            descr,
            status,
            flag_status as flagStatus,
            repair_time as repairTime,
            job_id as jobId,
            job_no as jobNo,
            mt_id as mtId,
            area,
            mu_id as muId,
            today_take_count as todayTakeCount,
            divide_work_id as divideWorkId,
            op_state as opState,
            zigzag_count as zigzagCount,
            influence_camera_count as influenceCameraCount,
            zigzag_type as zigzagType,
            zigzag_status as zigzagStatus,
            timeout_level as timeoutLevel,
            start_distance as startDistance,
            end_distance as endDistance,
            timeout_hour as timeoutHour,
            device_distance as deviceDistance,
            electricity_operating as electricityOperating,
            communications_operations as communicationsOperations,
            repair_time_count as repairTimeCount,
            title as projectTitle
        from
            hsw_fault_project
        where
            (type=2 or type=6)
        <choose>
            <when test="vo.analysisType == 1">
                and status = 3
            </when>
            <otherwise>
                and status = 2
            </otherwise>
        </choose>
        <if test="vo.pid != null and vo.pid != ''">
            and pid = #{vo.pid}
        </if>
        <if test="vo.communicationsOperations != null and vo.communicationsOperations != ''">
            and communications_operations = #{vo.communicationsOperations}
        </if>
        <if test="vo.repaireHour != null and vo.repaireHour != ''">
            and repaire_hour = #{vo.repaireHour}
        </if>
        <if test="vo.startTime != null and vo.startTime != '' and vo.endTime != null and vo.endTime != ''">
            and take_time >= #{vo.startTime}
            and take_time <![CDATA[ <= ]]> #{vo.endTime}
        </if>
        order by
            repair_time_count
    </select>

    <!-- 网络运营商故障记录-饼状图 -->
    <select id="netWorkFaultPieChart" resultType="com.ruoyi.hsw.dto.PicCharEquDto">
        select
            sum(case when repair_time_count>0 and repair_time_count<![CDATA[ <= ]]>6*3600 then 1 else 0 end) hour1,
            sum(case when repair_time_count>6*3600 and repair_time_count<![CDATA[ <= ]]>12*3600 then 1 else 0 end) hour2,
            sum(case when repair_time_count>12*3600 and repair_time_count<![CDATA[ < ]]>24*3600 then 1 else 0 end) hour3,
            sum(case when repair_time_count>24*3600 and repair_time_count<![CDATA[ <= ]]>72*3600 then 1 else 0 end) hour4,
            sum(case when repair_time_count>72*3600 then 1 else 0 end) hour5
        from
            hsw_fault_project
        where
            (type=2 or type=6)
        <if test="vo.startTime != null and vo.startTime != '' and vo.endTime != null and vo.endTime != ''">
            and take_time >= #{vo.startTime}
            and take_time <![CDATA[ <= ]]> #{vo.endTime}
        </if>
        <if test="vo.communicationsOperations != null and vo.communicationsOperations != ''">
            and communications_operations = #{vo.communicationsOperations}
        </if>
        <if test="vo.pid != null and vo.pid != ''">
            and pid = #{vo.pid}
        </if>
        <choose>
            <when test="vo.analysisType == 1">
                and status = 3
            </when>
            <otherwise>
                and status = 2
            </otherwise>
        </choose>
        <if test="vo.repaireHour != null and vo.repaireHour != ''">
            and repaire_hour = #{vo.repaireHour}
        </if>
    </select>

    <!-- 电力运营商故障记录-列表 -->
    <select id="powerCompanyFaultList" resultType="com.ruoyi.hsw.dto.FaultProjectDto">
        select
            send_work_order_limit as sendWorkOrderLimit,
            id,
            fault_no as faultNo,
            region_name as regionName,
            ip,
            sn,
            port,
            type,
            pid,
            take_time as takeTime,
            descr,
            status,
            flag_status as flagStatus,
            repair_time as repairTime,
            job_id as jobId,
            job_no as jobNo,
            mt_id as mtId,
            area,
            mu_id as muId,
            today_take_count as todayTakeCount,
            divide_work_id as divideWorkId,
            op_state as opState,
            zigzag_count as zigzagCount,
            influence_camera_count as influenceCameraCount,
            zigzag_type as zigzagType,
            zigzag_status as zigzagStatus,
            timeout_level as timeoutLevel,
            start_distance as startDistance,
            end_distance as endDistance,
            timeout_hour as timeoutHour,
            device_distance as deviceDistance,
            electricity_operating as electricityOperating,
            communications_operations as communicationsOperations,
            repair_time_count as repairTimeCount,
            title as projectTitle
        from
            hsw_fault_project
        where
            type=1
          <choose>
              <when test="vo.analysisType == 1">
                  and status = 3
              </when>
              <otherwise>
                  and status = 2
              </otherwise>
          </choose>
          <if test="vo.pid != null and vo.pid != ''">
              and pid = #{vo.pid}
          </if>
          <if test="vo.electricityOperating != null and vo.electricityOperating != ''">
              and electricity_operating = #{vo.electricityOperating}
          </if>
          <if test="vo.repaireHour != null and vo.repaireHour != ''">
              and repaire_hour = #{vo.repaireHour}
          </if>
          <if test="vo.startTime != null and vo.startTime != '' and vo.endTime != null and vo.endTime != ''">
              and take_time >= #{vo.startTime}
              and take_time <![CDATA[ <= ]]> #{vo.endTime}
          </if>
          order by
            repair_time_count
    </select>

    <!-- 电力运营商故障记录-饼状图 -->
    <select id="powerCompanyFaultPieChart" resultType="com.ruoyi.hsw.dto.PicCharEquDto">
        select
          sum(case when repair_time_count>0 and repair_time_count<![CDATA[ <= ]]>6*3600 then 1 else 0 end) hour1,
          sum(case when repair_time_count>6*3600 and repair_time_count<![CDATA[ <= ]]>12*3600 then 1 else 0 end) hour2,
          sum(case when repair_time_count>12*3600 and repair_time_count<![CDATA[ < ]]>24*3600 then 1 else 0 end) hour3,
          sum(case when repair_time_count>24*3600 and repair_time_count<![CDATA[ <= ]]>72*3600 then 1 else 0 end) hour4,
          sum(case when repair_time_count>72*3600 then 1 else 0 end) hour5
        from
          hsw_fault_project
        where
          type = 1
        <choose>
            <when test="vo.analysisType == 1">
                and status = 3
            </when>
            <otherwise>
                and status = 2
            </otherwise>
        </choose>
        <if test="vo.pid != null and vo.pid != ''">
            and pid = #{vo.pid}
        </if>
        <if test="vo.electricityOperating != null and vo.electricityOperating != ''">
            and electricity_operating = #{vo.electricityOperating}
        </if>
        <if test="vo.repaireHour != null and vo.repaireHour != ''">
            and repaire_hour = #{vo.repaireHour}
        </if>
        <if test="vo.startTime != null and vo.startTime != '' and vo.endTime != null and vo.endTime != ''">
            and take_time >= #{vo.startTime}
            and take_time <![CDATA[ <= ]]> #{vo.endTime}
        </if>
    </select>

    <!-- 派单员派单记录-列表 -->
    <select id="senderOrderList" resultType="com.ruoyi.hsw.dto.JobViewDto">
        select
            id,
            job_no as jobNo,
            fault_id as faultId,
            fault_no as faultNo,
            create_time as createTime,
            send_time as sendTime,
            send_uid as sendUid,
            receiver_id as receiverId,
            receiver_time as receiverTime,
            STATUS as status,
            repair_time as repairTime,
            repair_record as repairRecord,
            remark,
            flag_status as flagStatus,
            region_name as regionName,
            ip,
            PORT as port,
            take_time as takeTime,
            mt_id as mtId,
            area,
            province,
            city,
            district,
            type,
            mu_id as muId,
            project_title as projectTitle,
            cu_id as cuId,
            hang_up_time as hangUpTime,
            hang_up_reason as hangUpReason,
            maintenance_units_name as maintenanceUnitsName,
            resume_time as resumeTime,
            handle_status as handleStatus,
            zigzag_status as zigzagStatuszigzagStatus,
            zigzag_type as zigzagType,
            influence_camera_count as influenceCameraCount,
            zigzag_count as zigzagCount,
            divide_work_id as divideWorkId,
            today_take_count as todayTakeCount,
            pid,
            datestr,
            monthstr,
            maintenance_team_name as maintenanceTeamName,
            timeout_level as timeoutLevel,
            start_distance as startDistance,
            end_distance as endDistance,
            send_work_order_limit as sendWorkOrderLimit,
            device_distance as deviceDistance,
            timeout_hour as timeoutHour,
            repair_time_count as repairTimeCount,
            send_time_count as sendTimeCount,
            network
        from
          hsw_job_view
        where
        <if test="vo.sendHour != null and vo.sendHour != ''">
            and send_time-take_time<![CDATA[ <= ]]>#{vo.sendHour}*3600
        </if>
        <if test="vo.startTime != null and vo.startTime != '' and vo.endTime != null and vo.endTime != ''">
            and take_time >= #{vo.startTime}
            and take_time <![CDATA[ <= ]]> #{vo.endTime}
        </if>
        <if test="vo.userId != null and vo.userId != ''">
            and send_uid = #{vo.userId}
        </if>
    </select>

    <!-- 派单员派单记录-饼状图 -->
    <select id="senderOrderPieChart" resultType="com.ruoyi.hsw.dto.PicChartDto">
        select
            sum(case hsw_job_view.type when 1 then 1 else 0 end ) type1Count,
            sum(case hsw_job_view.type when 2 then 1 else 0 end ) type2Count,
            sum(case hsw_job_view.type when 3 then 1 else 0 end ) type3Count,
            sum(case hsw_job_view.type when 5 then 1 else 0 end ) type5Count,
            sum(case hsw_job_view.type when 6 then 1 else 0 end ) type6Count,
            sum(case hsw_job_view.type when 7 then 1 else 0 end ) type7Count,
            sum(case hsw_job_view.type when 9 then 1 else 0 end ) type9Count,
            sum(case hsw_job_view.type when 11 then 1 else 0 end ) type11Count
        from
            hsw_job_view
        where
            1=1
        <if test="vo.startTime != null and vo.startTime != '' and vo.endTime != null and vo.endTime != ''">
            and take_time >= #{vo.startTime}
            and take_time <![CDATA[ <= ]]> #{vo.endTime}
        </if>
        <if test="vo.userId != null and vo.userId != ''">
            and send_uid = #{vo.userId}
        </if>
        <if test="vo.sendHour != null and vo.sendHour != ''">
            and send_time-take_time<![CDATA[ <= ]]>#{vo.sendHour}*3600
        </if>
    </select>

    <!-- 查询维修队长集合 -->
    <select id="selectUserId" resultType="java.lang.Long">
        select
            g.user_id
        from
            sys_user_role g
        where
            g.role_id = 6
            <if test="vo.userId != null and vo.userId != ''">
                and g.user_id = #{vo.userId}
            </if>
    </select>

    <!-- app 运维单位人工修复 -->
    <select id="MUByArtificialRepair1" resultType="com.ruoyi.hsw.dto.analysis.MuAnalysisArtificialDto">
        ${sql}
    </select>
</mapper>