<?xml version="1.0" encoding="UTF-8" ?>
<!DOCTYPE mapper
PUBLIC "-//mybatis.org//DTD Mapper 3.0//EN"
"http://mybatis.org/dtd/mybatis-3-mapper.dtd">
<mapper namespace="com.ruoyi.hsw.mapper.HswCameraMapper">

    <resultMap type="HswCamera" id="HswCameraResult">
        <result property="id"    column="id"    />
        <result property="sn"    column="sn"    />
        <result property="position"    column="position"    />
        <result property="manufacturer"    column="manufacturer"    />
        <result property="longitude"    column="longitude"    />
        <result property="latitude"    column="latitude"    />
        <result property="model"    column="model"    />
        <result property="ip"    column="ip"    />
        <result property="installTime"    column="install_time"    />
        <result property="deviceType"    column="device_type"    />
        <result property="port"    column="port"    />
        <result property="selfIp"    column="self_ip"    />
        <result property="warranty"    column="warranty"    />
        <result property="delFlag"    column="del_flag"    />
        <result property="createBy"    column="create_by"    />
        <result property="createTime"    column="create_time"    />
        <result property="updateBy"    column="update_by"    />
        <result property="updateTime"    column="update_time"    />
        <result property="installDate"    column="install_date"    />
        <result property="cameraCountAll"    column="camera_count_all"    />
        <association property="hswDiagnosisDevice"    column="ip" javaType="HswDiagnosisDevice" resultMap="HswDiagnosisDeviceResult" />
    </resultMap>

    <resultMap type="HswDiagnosisDevice" id="HswDiagnosisDeviceResult">
        <result property="address"    column="address"    />
        <result property="pid"    column="pid"    />
        <result property="projectTitle"    column="project_title"    />
        <result property="workAddress"    column="work_address"    />
        <result property="cameraCount"    column="camera_count"    />
        <result property="distance"    column="distance"    />
        <result property="divideWorkId"    column="divide_work_id"    />
    </resultMap>

    <sql id="selectHswCameraVo">
        SELECT
            c.id,
            c.sn,
            c.position,
            c.manufacturer,
            c.longitude,
            c.latitude,
            c.model,
            c.ip,
            c.install_time,
            c.device_type,
            c.`port`,
            c.self_ip,
            c.warranty,
            c.del_flag,
            FROM_UNIXTIME( c.install_time, '%Y-%m-%d' ) AS install_date,
            c.create_by,
            c.create_time,
            c.update_by,
            c.update_time,
            d.id AS device_id,
            d.address,
            d.pid,
            d.camera_count,
            d.distance,
            p.title AS project_title,
            w.area AS work_address
        FROM
            hsw_camera AS c
            LEFT JOIN hsw_diagnosis_device d ON c.ip = d.ip
            LEFT JOIN hsw_project p ON d.pid = p.id
            LEFT JOIN hsw_divide_work w ON d.divide_work_id = w.id
    </sql>

    <select id="selectHswCameraList" parameterType="HswCamera" resultMap="HswCameraResult">
        <include refid="selectHswCameraVo"/>
        <where>
            AND c.del_flag = '0'
            <if test="position != null  and position != ''"> and c.position like concat('%', #{position}, '%') or d.address like concat('%', #{position}, '%')</if>
            <if test="ip != null  and ip != ''"> and (c.ip like concat('%', #{ip}, '%') or c.self_ip like concat('%', #{ip}, '%'))</if>
            <if test="projectId != null  and projectId != ''"> and p.id = #{projectId}</if>
            <if test="pids != null and pids.size > 0">
                and d.pid in
                <foreach collection="pids" item="pid" separator="," open="(" close=")">
                    #{pid}
                </foreach>
            </if>
        </where>
        order by
            c.id desc
    </select>

    <select id="selectHswCameraById" parameterType="Long" resultMap="HswCameraResult">
        <include refid="selectHswCameraVo"/>
        where c.id = #{id}
        AND c.del_flag = '0'
    </select>

    <insert id="insertHswCamera" parameterType="HswCamera">
        insert into hsw_camera
        <trim prefix="(" suffix=")" suffixOverrides=",">
            <if test="id != null">id,</if>
            <if test="sn != null">sn,</if>
            <if test="position != null">position,</if>
            <if test="manufacturer != null">manufacturer,</if>
            <if test="longitude != null">longitude,</if>
            <if test="latitude != null">latitude,</if>
            <if test="model != null">model,</if>
            <if test="ip != null">ip,</if>
            <if test="installTime != null">install_time,</if>
            <if test="deviceType != null">device_type,</if>
            <if test="port != null">port,</if>
            <if test="selfIp != null">self_ip,</if>
            <if test="warranty != null">warranty,</if>
            <if test="delFlag != null">del_flag,</if>
            <if test="createBy != null">create_by,</if>
            <if test="createTime != null">create_time,</if>
            <if test="updateBy != null">update_by,</if>
            <if test="updateTime != null">update_time,</if>
         </trim>
        <trim prefix="values (" suffix=")" suffixOverrides=",">
            <if test="id != null">#{id},</if>
            <if test="sn != null">#{sn},</if>
            <if test="position != null">#{position},</if>
            <if test="manufacturer != null">#{manufacturer},</if>
            <if test="longitude != null">#{longitude},</if>
            <if test="latitude != null">#{latitude},</if>
            <if test="model != null">#{model},</if>
            <if test="ip != null">#{ip},</if>
            <if test="installTime != null">#{installTime},</if>
            <if test="deviceType != null">#{deviceType},</if>
            <if test="port != null">#{port},</if>
            <if test="selfIp != null">#{selfIp},</if>
            <if test="warranty != null">#{warranty},</if>
            <if test="delFlag != null">#{delFlag},</if>
            <if test="createBy != null">#{createBy},</if>
            <if test="createTime != null">#{createTime},</if>
            <if test="updateBy != null">#{updateBy},</if>
            <if test="updateTime != null">#{updateTime},</if>
         </trim>
    </insert>

    <update id="updateHswCamera" parameterType="HswCamera">
        update hsw_camera
        <trim prefix="SET" suffixOverrides=",">
            <if test="sn != null">sn = #{sn},</if>
            <if test="position != null">position = #{position},</if>
            <if test="manufacturer != null">manufacturer = #{manufacturer},</if>
            <if test="longitude != null">longitude = #{longitude},</if>
            <if test="latitude != null">latitude = #{latitude},</if>
            <if test="model != null">model = #{model},</if>
            <if test="ip != null">ip = #{ip},</if>
            <if test="installTime != null">install_time = #{installTime},</if>
            <if test="deviceType != null">device_type = #{deviceType},</if>
            <if test="port != null">port = #{port},</if>
            <if test="selfIp != null">self_ip = #{selfIp},</if>
            <if test="warranty != null">warranty = #{warranty},</if>
            <if test="delFlag != null">del_flag = #{delFlag},</if>
            <if test="createBy != null">create_by = #{createBy},</if>
            <if test="createTime != null">create_time = #{createTime},</if>
            <if test="updateBy != null">update_by = #{updateBy},</if>
            <if test="updateTime != null">update_time = #{updateTime},</if>
        </trim>
        where id = #{id}
    </update>

    <update id="deleteHswCameraById" parameterType="Long">
        update hsw_camera set del_flag = '2' where id = #{id}
    </update>

    <update id="deleteHswCameraByIds" parameterType="String">
        update hsw_camera set del_flag = '2' where id in
        <foreach item="id" collection="array" open="(" separator="," close=")">
            #{id}
        </foreach>
    </update>

    <update id="deleteHswCameraByIp" parameterType="String">
        update hsw_camera set del_flag = '2' where ip = #{ip}
    </update>

    <select id="selectCameraCountByIp" parameterType="String" resultType="int">
        SELECT
            COUNT( id )
        FROM
            hsw_camera
        WHERE
            del_flag = '0'
            AND ip = #{ip}
    </select>

    <select id="checkSelfIpUnique" parameterType="String" resultMap="HswCameraResult">
        select id, self_ip from hsw_camera where self_ip = #{selfIp} and del_flag = '0' limit 1
    </select>

    <select id="checkPortUniqueByIp" resultMap="HswCameraResult">
        select id, port, ip from hsw_camera where port = #{port} and ip = #{ip} and del_flag = '0' limit 1
    </select>

    <!-- 更新安装时间 -->
    <update id="finish">
        update hsw_camera set install_time = #{time} where ip = #{ip}
    </update>

    <update id="deleteHswCameraByPid" parameterType="Long">
        UPDATE hsw_camera
        SET del_flag = '2'
        WHERE
            ip IN ( SELECT d.ip FROM hsw_diagnosis_device d LEFT JOIN hsw_project p ON d.pid = p.id WHERE d.pid = #{pid} )
    </update>

    <select id="selectHswCameraByIpAndPort" resultMap="HswCameraResult">
        <include refid="selectHswCameraVo"/>
        where c.ip = #{ip}
        AND c.port = #{port}
        AND c.del_flag = '0'
        limit 1
    </select>

    <select id="selectCountByPid" parameterType="String" resultType="int">
        SELECT
            count( c.id )
        FROM
            hsw_camera c
            LEFT JOIN hsw_diagnosis_device d ON c.ip = d.ip
        WHERE
            c.del_flag = '0'
            AND d.del_flag = '0'
            <if test="array != null and array.length > 0">
                AND d.pid IN
                <foreach item="ip" collection="array" open="(" separator="," close=")">
                    #{ip}
                </foreach>
            </if>
    </select>

    <!-- 统计摄像机数量 -->
    <select id="selectCount" resultType="int">
        SELECT
            count( c.id )
        FROM
            hsw_camera c
            LEFT JOIN hsw_diagnosis_device d ON c.ip = d.ip
        WHERE
            c.del_flag = '0'
            AND d.del_flag = '0'
            <if test="pid != null">
                and d.pid = #{pid}
            </if>
    </select>

    <select id="selectCountGroupByDwidAndPid" parameterType="String" resultMap="HswCameraResult">
        SELECT
            d.divide_work_id,
            count( c.id ) AS camera_count_all
        FROM
            hsw_camera c
            LEFT JOIN hsw_diagnosis_device d ON c.ip = d.ip
        WHERE
            c.del_flag = '0'
            AND d.del_flag = '0'
            AND d.pid IN
            <foreach item="ip" collection="array" open="(" separator="," close=")">
                #{ip}
            </foreach>
        GROUP BY
            d.divide_work_id
    </select>

    <!-- 通过分工分组统计摄像机数量 -->
    <select id="selectCountGroupByDwid" resultMap="HswCameraResult">
        SELECT
            d.divide_work_id,
            count( c.id ) AS camera_count_all
        FROM
            hsw_camera c
            LEFT JOIN hsw_diagnosis_device d ON c.ip = d.ip
        WHERE
            c.del_flag = '0'
            AND d.del_flag = '0'
            <if test="pid != null">
                and d.pid = #{pid}
            </if>
        GROUP BY
            d.divide_work_id
    </select>

    <resultMap type="CameraViewDto" id="CameraViewResult">
        <result property="id"    column="id"    />
        <result property="sn"    column="sn"    />
        <result property="position"    column="position"    />
        <result property="manufacturer"    column="manufacturer"    />
        <result property="longitude"    column="longitude"    />
        <result property="latitude"    column="latitude"    />
        <result property="model"    column="model"    />
        <result property="ip"    column="ip"    />
        <result property="installTime"    column="install_time"    />
        <result property="deviceType"    column="device_type"    />
        <result property="port"    column="PORT"    />
        <result property="divideWorkId"    column="divide_work_id"    />
        <result property="address"    column="address"    />
        <result property="cuId"    column="cu_id"    />
        <result property="projectTitle"    column="project_title"    />
        <result property="divideArea"    column="divide_area"    />
        <result property="pid"    column="pid"    />
        <result property="selfIp"    column="self_ip"    />
        <result property="province"    column="province"    />
        <result property="city"    column="city"    />
        <result property="district"    column="district"    />
        <result property="logicalAddr"    column="logical_addr"    />
        <result property="cameraCount"    column="camera_count"    />
        <result property="warranty"    column="warranty"    />
        <result property="constructingTeamName"    column="constructing_team_name"    />
        <result property="maintenanceUnitsName"    column="maintenance_units_name"    />
        <result property="distance"    column="distance"    />
    </resultMap>

    <sql id="selectCameraViewVo">
        select id, sn, position, manufacturer, longitude, latitude, model, ip, install_time, device_type, PORT, divide_work_id, address, cu_id, project_title, divide_area, pid, self_ip, province, city, district, logical_addr, camera_count, warranty, constructing_team_name, maintenance_units_name, distance from hsw_camera_view
    </sql>

    <select id="selectCameraViewList" parameterType="CameraViewDto" resultMap="CameraViewResult">
        <include refid="selectCameraViewVo"/>
        <where>
            <if test="sn != null  and sn != ''"> and sn = #{sn}</if>
            <if test="position != null  and position != ''"> and position = #{position}</if>
            <if test="manufacturer != null  and manufacturer != ''"> and manufacturer = #{manufacturer}</if>
            <if test="longitude != null  and longitude != ''"> and longitude = #{longitude}</if>
            <if test="latitude != null  and latitude != ''"> and latitude = #{latitude}</if>
            <if test="model != null  and model != ''"> and model = #{model}</if>
            <if test="ip != null  and ip != ''"> and ip = #{ip}</if>
            <if test="installTime != null "> and install_time = #{installTime}</if>
            <if test="deviceType != null  and deviceType != ''"> and device_type = #{deviceType}</if>
            <if test="port != null "> and PORT = #{port}</if>
            <if test="divideWorkId != null "> and divide_work_id = #{divideWorkId}</if>
            <if test="address != null  and address != ''"> and address = #{address}</if>
            <if test="cuId != null "> and cu_id = #{cuId}</if>
            <if test="projectTitle != null  and projectTitle != ''"> and project_title = #{projectTitle}</if>
            <if test="divideArea != null  and divideArea != ''"> and divide_area = #{divideArea}</if>
            <if test="pid != null "> and pid = #{pid}</if>
            <if test="selfIp != null  and selfIp != ''"> and self_ip = #{selfIp}</if>
            <if test="province != null "> and province = #{province}</if>
            <if test="city != null "> and city = #{city}</if>
            <if test="district != null "> and district = #{district}</if>
            <if test="logicalAddr != null  and logicalAddr != ''"> and logical_addr = #{logicalAddr}</if>
            <if test="cameraCount != null "> and camera_count = #{cameraCount}</if>
            <if test="warranty != null "> and warranty = #{warranty}</if>
            <if test="constructingTeamName != null  and constructingTeamName != ''"> and constructing_team_name like concat('%', #{constructingTeamName}, '%')</if>
            <if test="maintenanceUnitsName != null  and maintenanceUnitsName != ''"> and maintenance_units_name like concat('%', #{maintenanceUnitsName}, '%')</if>
            <if test="distance != null "> and distance = #{distance}</if>
            <if test="pids != null ">
                AND pid IN
                <foreach  item="pid" collection="pids" open="(" separator="," close=")">
                    #{pid}
                </foreach>
            </if>
            <if test="keyword != null and keyword != ''">
                AND (address like concat('%', #{keyword}, '%')
                OR `position` like concat('%', #{keyword}, '%')
                OR ip like concat('%', #{keyword}, '%')
                OR self_ip like concat('%', #{keyword}, '%'))
            </if>
        </where>
    </select>

    <select id="selectCameraViewById" parameterType="Long" resultMap="CameraViewResult">
        <include refid="selectCameraViewVo"/>
        where id = #{id}
    </select>

    <update id="updateHswCameraBySelfIp">
        update hsw_camera set
            longitude = #{longitude},
            latitude = #{latitude}
        where self_ip = #{selfIp} and del_flag = '0'
    </update>

    <update id="updateHswCameraByIp">
        update hsw_camera set
            longitude = #{longitude},
            latitude = #{latitude}
        where ip = #{ip} and del_flag = '0'
    </update>

    <select id="selectCameraListByIp" parameterType="String" resultMap="HswCameraResult">
        select * from hsw_camera where ip = #{ip} and del_flag = '0'
    </select>

    <update id="updateIpByIp">
        UPDATE hsw_camera
            SET ip = #{newIp}
        WHERE
            ip = #{oldIp} and del_flag = '0'
    </update>

</mapper>
