<?xml version="1.0" encoding="UTF-8" ?>
<!DOCTYPE mapper
PUBLIC "-//mybatis.org//DTD Mapper 3.0//EN"
"http://mybatis.org/dtd/mybatis-3-mapper.dtd">
<mapper namespace="com.ruoyi.hsw.mapper.HswConstructingUnitsMapper">
    
    <resultMap type="HswConstructingUnits" id="HswConstructingUnitsResult">
        <result property="id"    column="id"    />
        <result property="name"    column="name"    />
        <result property="leader"    column="leader"    />
        <result property="tel"    column="tel"    />
        <result property="accessKeyId"    column="access_key_id"    />
        <result property="accessKeySecret"    column="access_key_secret"    />
        <result property="signName"    column="sign_name"    />
        <result property="delFlag"    column="del_flag"    />
        <result property="createBy"    column="create_by"    />
        <result property="createTime"    column="create_time"    />
        <result property="updateBy"    column="update_by"    />
        <result property="updateTime"    column="update_time"    />
    </resultMap>

    <sql id="selectHswConstructingUnitsVo">
        select id, name, leader, tel, access_key_id, access_key_secret, sign_name, del_flag, create_by, create_time, update_by, update_time from hsw_constructing_units
    </sql>

    <select id="selectHswConstructingUnitsList" parameterType="HswConstructingUnits" resultMap="HswConstructingUnitsResult">
        <include refid="selectHswConstructingUnitsVo"/>
        <where>
            and del_flag = '0'
            <if test="name != null  and name != ''"> and name like concat('%', #{name}, '%')</if>
            <if test="leader != null  and leader != ''"> and leader like concat('%', #{leader}, '%')</if>
            <if test="tel != null  and tel != ''"> and tel like concat('%', #{tel}, '%')</if>
        </where>
        order by
            id desc
    </select>
    
    <select id="selectHswConstructingUnitsById" parameterType="Long" resultMap="HswConstructingUnitsResult">
        <include refid="selectHswConstructingUnitsVo"/>
        where id = #{id}
        AND del_flag = '0'
    </select>

    <insert id="insertHswConstructingUnits" parameterType="HswConstructingUnits">
        insert into hsw_constructing_units
        <trim prefix="(" suffix=")" suffixOverrides=",">
            <if test="id != null">id,</if>
            <if test="name != null">name,</if>
            <if test="leader != null and leader != ''">leader,</if>
            <if test="tel != null and tel != ''">tel,</if>
            <if test="accessKeyId != null">access_key_id,</if>
            <if test="accessKeySecret != null">access_key_secret,</if>
            <if test="signName != null">sign_name,</if>
            <if test="delFlag != null">del_flag,</if>
            <if test="createBy != null">create_by,</if>
            <if test="createTime != null">create_time,</if>
            <if test="updateBy != null">update_by,</if>
            <if test="updateTime != null">update_time,</if>
         </trim>
        <trim prefix="values (" suffix=")" suffixOverrides=",">
            <if test="id != null">#{id},</if>
            <if test="name != null">#{name},</if>
            <if test="leader != null and leader != ''">#{leader},</if>
            <if test="tel != null and tel != ''">#{tel},</if>
            <if test="accessKeyId != null">#{accessKeyId},</if>
            <if test="accessKeySecret != null">#{accessKeySecret},</if>
            <if test="signName != null">#{signName},</if>
            <if test="delFlag != null">#{delFlag},</if>
            <if test="createBy != null">#{createBy},</if>
            <if test="createTime != null">#{createTime},</if>
            <if test="updateBy != null">#{updateBy},</if>
            <if test="updateTime != null">#{updateTime},</if>
         </trim>
    </insert>

    <update id="updateHswConstructingUnits" parameterType="HswConstructingUnits">
        update hsw_constructing_units
        <trim prefix="SET" suffixOverrides=",">
            <if test="name != null">name = #{name},</if>
            <if test="leader != null and leader != ''">leader = #{leader},</if>
            <if test="tel != null and tel != ''">tel = #{tel},</if>
            <if test="accessKeyId != null">access_key_id = #{accessKeyId},</if>
            <if test="accessKeySecret != null">access_key_secret = #{accessKeySecret},</if>
            <if test="signName != null">sign_name = #{signName},</if>
            <if test="delFlag != null">del_flag = #{delFlag},</if>
            <if test="createBy != null">create_by = #{createBy},</if>
            <if test="createTime != null">create_time = #{createTime},</if>
            <if test="updateBy != null">update_by = #{updateBy},</if>
            <if test="updateTime != null">update_time = #{updateTime},</if>
        </trim>
        where id = #{id}
    </update>

    <update id="deleteHswConstructingUnitsById" parameterType="Long">
        update hsw_constructing_units set del_flag = '2' where id = #{id}
    </update>

    <update id="deleteHswConstructingUnitsByIds" parameterType="String">
        update hsw_constructing_units set del_flag = '2' where id in
        <foreach item="id" collection="array" open="(" separator="," close=")">
            #{id}
        </foreach>
    </update>

    <!-- 查询建设单位数量 -->
    <select id="selectCount" resultType="java.lang.Integer">
        select
          count(*)
        from
          hsw_constructing_units
        where
          del_flag = '0'
    </select>

</mapper>