<?xml version="1.0" encoding="UTF-8" ?>
<!DOCTYPE mapper
PUBLIC "-//mybatis.org//DTD Mapper 3.0//EN"
"http://mybatis.org/dtd/mybatis-3-mapper.dtd">
<mapper namespace="com.ruoyi.hsw.mapper.HswConstructingTeamMapper">
    
    <resultMap type="HswConstructingTeam" id="HswConstructingTeamResult">
        <result property="id"    column="id"    />
        <result property="name"    column="name"    />
        <result property="leader"    column="leader"    />
        <result property="tel"    column="tel"    />
        <result property="delFlag"    column="del_flag"    />
        <result property="createBy"    column="create_by"    />
        <result property="createTime"    column="create_time"    />
        <result property="updateBy"    column="update_by"    />
        <result property="updateTime"    column="update_time"    />
    </resultMap>

    <sql id="selectHswConstructingTeamVo">
        select
          ct.id, ct.name, ct.leader,
          ct.tel, ct.del_flag, ct.create_by,
          ct.create_time, ct.update_by, ct.update_time
        from
          hsw_constructing_team ct
    </sql>

    <select id="selectHswConstructingTeamList" parameterType="HswConstructingTeam" resultMap="HswConstructingTeamResult">
        <include refid="selectHswConstructingTeamVo"/>
        <where>
            AND ct.del_flag = '0'
            <if test="name != null  and name != ''"> and ct.name like concat('%', #{name}, '%')</if>
            <if test="leader != null  and leader != ''"> and ct.leader = #{leader}</if>
            <if test="tel != null  and tel != ''"> and ct.tel = #{tel}</if>
        </where>
        order by
            ct.id desc
    </select>
    
    <select id="selectHswConstructingTeamById" parameterType="Long" resultMap="HswConstructingTeamResult">
        <include refid="selectHswConstructingTeamVo"/>
        where ct.id = #{id}
        AND ct.del_flag = '0'
    </select>
        
    <insert id="insertHswConstructingTeam" parameterType="HswConstructingTeam">
        insert into hsw_constructing_team
        <trim prefix="(" suffix=")" suffixOverrides=",">
            <if test="id != null">id,</if>
            <if test="name != null">name,</if>
            <if test="leader != null and leader != ''">leader,</if>
            <if test="tel != null and tel != ''">tel,</if>
            <if test="delFlag != null">del_flag,</if>
            <if test="createBy != null">create_by,</if>
            <if test="createTime != null">create_time,</if>
            <if test="updateBy != null">update_by,</if>
            <if test="updateTime != null">update_time,</if>
         </trim>
        <trim prefix="values (" suffix=")" suffixOverrides=",">
            <if test="id != null">#{id},</if>
            <if test="name != null">#{name},</if>
            <if test="leader != null and leader != ''">#{leader},</if>
            <if test="tel != null and tel != ''">#{tel},</if>
            <if test="delFlag != null">#{delFlag},</if>
            <if test="createBy != null">#{createBy},</if>
            <if test="createTime != null">#{createTime},</if>
            <if test="updateBy != null">#{updateBy},</if>
            <if test="updateTime != null">#{updateTime},</if>
         </trim>
    </insert>

    <update id="updateHswConstructingTeam" parameterType="HswConstructingTeam">
        update hsw_constructing_team
        <trim prefix="SET" suffixOverrides=",">
            <if test="name != null">name = #{name},</if>
            <if test="leader != null and leader != ''">leader = #{leader},</if>
            <if test="tel != null and tel != ''">tel = #{tel},</if>
            <if test="delFlag != null">del_flag = #{delFlag},</if>
            <if test="createBy != null">create_by = #{createBy},</if>
            <if test="createTime != null">create_time = #{createTime},</if>
            <if test="updateBy != null">update_by = #{updateBy},</if>
            <if test="updateTime != null">update_time = #{updateTime},</if>
        </trim>
        where id = #{id}
    </update>

    <update id="deleteHswConstructingTeamById" parameterType="Long">
        update hsw_constructing_team set del_flag = '2' where id = #{id}
    </update>

    <update id="deleteHswConstructingTeamByIds" parameterType="String">
        update hsw_constructing_team set del_flag = '2' where id in
        <foreach item="id" collection="array" open="(" separator="," close=")">
            #{id}
        </foreach>
    </update>

    <!-- 查询施工单位数量 -->
    <select id="selectCount" resultType="java.lang.Integer">
        select
          count(*)
        from
          hsw_constructing_team
        where
          del_flag = '0'
    </select>
    
</mapper>