<?xml version="1.0" encoding="UTF-8" ?>
<!DOCTYPE mapper
PUBLIC "-//mybatis.org//DTD Mapper 3.0//EN"
"http://mybatis.org/dtd/mybatis-3-mapper.dtd">
<mapper namespace="com.ruoyi.hsw.mapper.HswDivideWorkMapper">
    
    <resultMap type="HswDivideWork" id="HswDivideWorkResult">
        <result property="id"    column="id"    />
        <result property="pid"    column="pid"    />
        <result property="area"    column="area"    />
        <result property="atId"    column="at_id"    />
        <result property="muId"    column="mu_id"    />
        <result property="delFlag"    column="del_flag"    />
        <result property="createBy"    column="create_by"    />
        <result property="createTime"    column="create_time"    />
        <result property="updateBy"    column="update_by"    />
        <result property="updateTime"    column="update_time"    />
        <association property="maintenanceUnits"    column="mu_id" javaType="hswMaintenanceUnits" resultMap="hswMaintenanceUnitsResult" />
        <association property="maintenanceTeam"    column="at_id" javaType="hswMaintenanceTeam" resultMap="hswMaintenanceTeamResult" />
    </resultMap>

    <resultMap id="hswMaintenanceUnitsResult" type="hswMaintenanceUnits">
        <id     property="id"   column="maintenance_units_id"     />
        <result property="name"    column="maintenance_units_name"    />
        <result property="leader"    column="maintenance_units_leader"    />
        <result property="tel"    column="maintenance_units_tel"    />
    </resultMap>

    <resultMap id="hswMaintenanceTeamResult" type="hswMaintenanceTeam">
        <id     property="id"   column="maintenance_team_id"     />
        <result property="name"    column="maintenance_team_name"    />
        <result property="leader"    column="maintenance_team_leader"    />
        <result property="tel"    column="maintenance_team_tel"    />
    </resultMap>

    <sql id="selectHswDivideWorkVo">
        select
          dw.id, dw.pid, dw.area, dw.at_id,
          dw.mu_id, dw.del_flag,
          dw.create_by, dw.create_time,
          dw.update_by, dw.update_time,
          mu.name as maintenance_units_name,
          mt.name as maintenance_team_name
        from
          hsw_divide_work dw
          left join hsw_maintenance_units mu on mu.id = dw.mu_id and dw.del_flag = '0'
          left join hsw_maintenance_team mt on mt.id = dw.at_id and mt.del_flag = '0'
    </sql>

    <select id="selectHswDivideWorkList" parameterType="HswDivideWork" resultMap="HswDivideWorkResult">
        <include refid="selectHswDivideWorkVo"/>
        <where>
            and dw.del_flag = '0'
            <if test="pid != null "> and dw.pid = #{pid}</if>
            <if test="area != null  and area != ''"> and dw.area = #{area}</if>
            <if test="atId != null "> and dw.at_id = #{atId}</if>
            <if test="muId != null "> and dw.mu_id = #{muId}</if>
        </where>
        order by
            dw.id desc
    </select>
    
    <select id="selectHswDivideWorkById" parameterType="Long" resultMap="HswDivideWorkResult">
        <include refid="selectHswDivideWorkVo"/>
        where
          dw.id = #{id}
          and dw.del_flag = '0'
    </select>
        
    <insert id="insertHswDivideWork" parameterType="HswDivideWork">
        insert into hsw_divide_work
        <trim prefix="(" suffix=")" suffixOverrides=",">
            <if test="id != null">id,</if>
            <if test="pid != null">pid,</if>
            <if test="area != null and area != ''">area,</if>
            <if test="atId != null">at_id,</if>
            <if test="muId != null">mu_id,</if>
            <if test="delFlag != null">del_flag,</if>
            <if test="createBy != null">create_by,</if>
            <if test="createTime != null">create_time,</if>
            <if test="updateBy != null">update_by,</if>
            <if test="updateTime != null">update_time,</if>
         </trim>
        <trim prefix="values (" suffix=")" suffixOverrides=",">
            <if test="id != null">#{id},</if>
            <if test="pid != null">#{pid},</if>
            <if test="area != null and area != ''">#{area},</if>
            <if test="atId != null">#{atId},</if>
            <if test="muId != null">#{muId},</if>
            <if test="delFlag != null">#{delFlag},</if>
            <if test="createBy != null">#{createBy},</if>
            <if test="createTime != null">#{createTime},</if>
            <if test="updateBy != null">#{updateBy},</if>
            <if test="updateTime != null">#{updateTime},</if>
         </trim>
    </insert>

    <update id="updateHswDivideWork" parameterType="HswDivideWork">
        update hsw_divide_work
        <trim prefix="SET" suffixOverrides=",">
            <if test="pid != null">pid = #{pid},</if>
            <if test="area != null and area != ''">area = #{area},</if>
            <if test="atId != null">at_id = #{atId},</if>
            <if test="muId != null">mu_id = #{muId},</if>
            <if test="delFlag != null">del_flag = #{delFlag},</if>
            <if test="createBy != null">create_by = #{createBy},</if>
            <if test="createTime != null">create_time = #{createTime},</if>
            <if test="updateBy != null">update_by = #{updateBy},</if>
            <if test="updateTime != null">update_time = #{updateTime},</if>
        </trim>
        where id = #{id}
    </update>

    <update id="deleteHswDivideWorkById" parameterType="Long">
        update hsw_divide_work set del_flag = '2' where id = #{id}
    </update>

    <update id="deleteHswDivideWorkByIds" parameterType="Long">
        update hsw_divide_work set del_flag = '2' where id in
        <foreach item="id" collection="array" open="(" separator="," close=")">
            #{id}
        </foreach>
    </update>

    <!-- 根据项目id删除 -->
    <update id="deleteByPid" parameterType="Long">
        update hsw_divide_work set del_flag = '2' where id = #{pid}
    </update>

    <!-- 根据区域和项目id查询数量 -->
    <select id="selectCountByArea" resultType="java.lang.Integer">
        select
          count(*)
        from
          hsw_divide_work
        where
          del_flag = '0'
          and pid = #{pid}
          and area = #{area}
    </select>
    <!-- 根据区域、项目id、不等于当前id查询数量 -->
    <select id="selectCountByAreaWithNeId" resultType="java.lang.Integer">
        select
          count(*)
        from
          hsw_divide_work
        where
          del_flag = '0'
          and pid = #{pid}
          and area = #{area}
          and id  <![CDATA[ <> ]]> #{id}
    </select>

    <select id="selectHswDivideWorkByPid" resultMap="HswDivideWorkResult">
        SELECT
            *
        FROM
            hsw_divide_work
        WHERE
            del_flag = '0'
            AND pid = #{pid}
        order by
            id desc
    </select>

    <select id="selectHswDivideWorkByArea" resultMap="HswDivideWorkResult">
        select
          *
        from
          hsw_divide_work
        where
          del_flag = '0'
          and pid = #{pid}
          and area = #{area}
          LIMIT 1
    </select>

    <!-- 根据运维队id获取项目id集合 -->
    <select id="selectPidsByAtId" resultType="java.lang.Long">
        select
          pid
        from
          hsw_divide_work
        where
          del_flag = '0'
          and at_id = #{atId}
    </select>

    <resultMap id="treeVoMap" type="com.ruoyi.hsw.domain.vo.TreeVo">
        <result property="id" column="id"/>
        <result property="label" column="label"/>
    </resultMap>

    <select id="selectTreeByPid" resultMap="treeVoMap">
        SELECT
            id,
            area AS label
        FROM
            hsw_divide_work
        WHERE
            del_flag = '0'
            AND pid = #{pid}
        order by
            id desc
    </select>

    <select id="selectHswDivideWorkByPids" resultMap="HswDivideWorkResult">
        SELECT
            *
        FROM
            hsw_divide_work
        WHERE
            del_flag = '0'
            <if test="pids != null and pids.length > 0">
                and pid in
                <foreach collection="pids" item="pid" separator="," open="(" close=")">
                    #{pid}
                </foreach>
            </if>
        order by
            id desc
    </select>
</mapper>