<?xml version="1.0" encoding="UTF-8" ?>
<!DOCTYPE mapper
PUBLIC "-//mybatis.org//DTD Mapper 3.0//EN"
"http://mybatis.org/dtd/mybatis-3-mapper.dtd">
<mapper namespace="com.ruoyi.hsw.mapper.HswDiagnosisDeviceMapper">

    <resultMap type="HswDiagnosisDevice" id="HswDiagnosisDeviceResult">
        <result property="id"    column="id"    />
        <result property="sn"    column="sn"    />
        <result property="divideWorkId"    column="divide_work_id"    />
        <result property="address"    column="address"    />
        <result property="manufacturer"    column="manufacturer"    />
        <result property="model"    column="model"    />
        <result property="ip"    column="ip"    />
        <result property="installTime"    column="install_time"    />
        <result property="pid"    column="pid"    />
        <result property="logicalAddr"    column="logical_addr"    />
        <result property="ver"    column="ver"    />
        <result property="uplinkPort"    column="uplink_port"    />
        <result property="cameraCount"    column="camera_count"    />
        <result property="warranty"    column="warranty"    />
        <result property="distance"    column="distance"    />
        <result property="network"    column="network"    />
        <result property="longitude"    column="longitude"    />
        <result property="latitude"    column="latitude"    />
        <result property="delFlag"    column="del_flag"    />
        <result property="createBy"    column="create_by"    />
        <result property="createTime"    column="create_time"    />
        <result property="updateBy"    column="update_by"    />
        <result property="updateTime"    column="update_time"    />
        <result property="projectTitle"    column="project_title"    />
        <result property="installDate"    column="install_date"    />
        <result property="provinceLabel"    column="province_label"    />
        <result property="cityLabel"    column="city_label"    />
        <result property="districtLabel"    column="district_label"    />
        <result property="workAddress"    column="work_address"    />
    </resultMap>

    <resultMap id="DeviceCountResult" type="DeviceCountDto">
        <result property="pid"    column="pid"    />
        <result property="cuId"    column="cu_id"    />
        <result property="projectTitle"    column="project_title"    />
        <result property="diagnosisCount"    column="diagnosis_count"    />
        <result property="cameraCount"    column="camera_count"    />
        <result property="opticalTransceiverCount"    column="optical_transceiver_count"    />
        <result property="otherDeviceCount"    column="other_device_count"    />
    </resultMap>

    <sql id="selectHswDiagnosisDeviceVo">
        SELECT
            d.id,
            d.sn,
            d.divide_work_id,
            d.address,
            d.manufacturer,
            d.model,
            d.ip,
            d.install_time,
            d.pid,
            d.logical_addr,
            d.ver,
            d.uplink_port,
            d.camera_count,
            d.warranty,
            d.distance,
            d.network,
            d.longitude,
            d.latitude,
            d.del_flag,
            FROM_UNIXTIME( d.install_time, '%Y-%m-%d' ) AS install_date,
            d.create_by,
            d.create_time,
            d.update_by,
            d.update_time,
            p.title AS project_title,
            p.province_label,
            p.city_label,
            p.district_label,
            w.area AS work_address
        FROM
            hsw_diagnosis_device d
            LEFT JOIN hsw_project p ON d.pid = p.id
            LEFT JOIN hsw_divide_work w ON d.divide_work_id = w.id
    </sql>

    <select id="selectHswDiagnosisDeviceList" parameterType="HswDiagnosisDevice" resultMap="HswDiagnosisDeviceResult">
        <include refid="selectHswDiagnosisDeviceVo"/>
        <where>
            and d.del_flag = '0'
            <if test="address != null  and address != ''"> and d.address like concat('%', #{address}, '%')</if>
            <if test="ip != null  and ip != ''"> and d.ip = #{ip}</if>
            <if test="logicalAddr != null and logicalAddr != ''">
                and d.logical_addr = #{logicalAddr}
            </if>
            <if test="pid != null "> and d.pid = #{pid}</if>
            <if test="pids != null and pids.size > 0">
                and d.pid in
                <foreach collection="pids" item="pid" separator="," open="(" close=")">
                    #{pid}
                </foreach>
            </if>
        </where>
        order by
            d.id desc
    </select>

    <select id="selectHswDiagnosisDeviceById" parameterType="Long" resultMap="HswDiagnosisDeviceResult">
        <include refid="selectHswDiagnosisDeviceVo"/>
        where d.id = #{id}
        AND d.del_flag = '0'
    </select>

    <insert id="insertHswDiagnosisDevice" parameterType="HswDiagnosisDevice">
        insert into hsw_diagnosis_device
        <trim prefix="(" suffix=")" suffixOverrides=",">
            <if test="id != null">id,</if>
            <if test="sn != null and sn != ''">sn,</if>
            <if test="divideWorkId != null">divide_work_id,</if>
            <if test="address != null and address != ''">address,</if>
            <if test="manufacturer != null">manufacturer,</if>
            <if test="model != null">model,</if>
            <if test="ip != null">ip,</if>
            <if test="installTime != null">install_time,</if>
            <if test="pid != null">pid,</if>
            <if test="logicalAddr != null">logical_addr,</if>
            <if test="ver != null">ver,</if>
            <if test="uplinkPort != null">uplink_port,</if>
            <if test="cameraCount != null">camera_count,</if>
            <if test="warranty != null">warranty,</if>
            <if test="distance != null">distance,</if>
            <if test="network != null">network,</if>
            <if test="longitude != null">longitude,</if>
            <if test="latitude != null">latitude,</if>
            <if test="delFlag != null">del_flag,</if>
            <if test="createBy != null">create_by,</if>
            <if test="createTime != null">create_time,</if>
            <if test="updateBy != null">update_by,</if>
            <if test="updateTime != null">update_time,</if>
         </trim>
        <trim prefix="values (" suffix=")" suffixOverrides=",">
            <if test="id != null">#{id},</if>
            <if test="sn != null and sn != ''">#{sn},</if>
            <if test="divideWorkId != null">#{divideWorkId},</if>
            <if test="address != null and address != ''">#{address},</if>
            <if test="manufacturer != null">#{manufacturer},</if>
            <if test="model != null">#{model},</if>
            <if test="ip != null">#{ip},</if>
            <if test="installTime != null">#{installTime},</if>
            <if test="pid != null">#{pid},</if>
            <if test="logicalAddr != null">#{logicalAddr},</if>
            <if test="ver != null">#{ver},</if>
            <if test="uplinkPort != null">#{uplinkPort},</if>
            <if test="cameraCount != null">#{cameraCount},</if>
            <if test="warranty != null">#{warranty},</if>
            <if test="distance != null">#{distance},</if>
            <if test="network != null">#{network},</if>
            <if test="longitude != null">#{longitude},</if>
            <if test="latitude != null">#{latitude},</if>
            <if test="delFlag != null">#{delFlag},</if>
            <if test="createBy != null">#{createBy},</if>
            <if test="createTime != null">#{createTime},</if>
            <if test="updateBy != null">#{updateBy},</if>
            <if test="updateTime != null">#{updateTime},</if>
         </trim>
    </insert>

    <update id="updateHswDiagnosisDevice" parameterType="HswDiagnosisDevice">
        update hsw_diagnosis_device
        <trim prefix="SET" suffixOverrides=",">
            <if test="sn != null and sn != ''">sn = #{sn},</if>
            <if test="divideWorkId != null">divide_work_id = #{divideWorkId},</if>
            <if test="address != null and address != ''">address = #{address},</if>
            <if test="manufacturer != null">manufacturer = #{manufacturer},</if>
            <if test="model != null">model = #{model},</if>
            <if test="ip != null">ip = #{ip},</if>
            <if test="installTime != null">install_time = #{installTime},</if>
            <if test="pid != null">pid = #{pid},</if>
            <if test="logicalAddr != null">logical_addr = #{logicalAddr},</if>
            <if test="ver != null">ver = #{ver},</if>
            <if test="uplinkPort != null">uplink_port = #{uplinkPort},</if>
            <if test="cameraCount != null">camera_count = #{cameraCount},</if>
            <if test="warranty != null">warranty = #{warranty},</if>
            <if test="distance != null">distance = #{distance},</if>
            <if test="network != null">network = #{network},</if>
            <if test="longitude != null">longitude = #{longitude},</if>
            <if test="latitude != null">latitude = #{latitude},</if>
            <if test="delFlag != null">del_flag = #{delFlag},</if>
            <if test="createBy != null">create_by = #{createBy},</if>
            <if test="createTime != null">create_time = #{createTime},</if>
            <if test="updateBy != null">update_by = #{updateBy},</if>
            <if test="updateTime != null">update_time = #{updateTime},</if>
        </trim>
        where id = #{id}
    </update>

    <update id="deleteHswDiagnosisDeviceById" parameterType="Long">
        update hsw_diagnosis_device set del_flag = '2' where id = #{id}
    </update>

    <update id="deleteHswDiagnosisDeviceByIds" parameterType="String">
        update hsw_diagnosis_device set del_flag = '2' where id in
        <foreach item="id" collection="array" open="(" separator="," close=")">
            #{id}
        </foreach>
    </update>

    <select id="checkIpUnique" parameterType="String" resultMap="HswDiagnosisDeviceResult">
        select id, ip from hsw_diagnosis_device where ip = #{ip} and del_flag = '0' limit 1
    </select>

    <update id="updateHswDiagnosisDeviceByIp" parameterType="HswDiagnosisDevice">
        update hsw_diagnosis_device
        <trim prefix="SET" suffixOverrides=",">
            <if test="sn != null and sn != ''">sn = #{sn},</if>
            <if test="divideWorkId != null">divide_work_id = #{divideWorkId},</if>
            <if test="address != null and address != ''">address = #{address},</if>
            <if test="manufacturer != null">manufacturer = #{manufacturer},</if>
            <if test="model != null">model = #{model},</if>
            <if test="installTime != null">install_time = #{installTime},</if>
            <if test="pid != null">pid = #{pid},</if>
            <if test="logicalAddr != null">logical_addr = #{logicalAddr},</if>
            <if test="ver != null">ver = #{ver},</if>
            <if test="uplinkPort != null">uplink_port = #{uplinkPort},</if>
            <if test="cameraCount != null">camera_count = #{cameraCount},</if>
            <if test="warranty != null">warranty = #{warranty},</if>
            <if test="distance != null">distance = #{distance},</if>
            <if test="network != null">network = #{network},</if>
            <if test="longitude != null">longitude = #{longitude},</if>
            <if test="latitude != null">latitude = #{latitude},</if>
            <if test="delFlag != null">del_flag = #{delFlag},</if>
            <if test="createBy != null">create_by = #{createBy},</if>
            <if test="createTime != null">create_time = #{createTime},</if>
            <if test="updateBy != null">update_by = #{updateBy},</if>
            <if test="updateTime != null">update_time = #{updateTime},</if>
        </trim>
        where ip = #{ip}
    </update>

    <select id="selectHswDiagnosisDeviceByIp" parameterType="String" resultMap="HswDiagnosisDeviceResult">
        <include refid="selectHswDiagnosisDeviceVo"/>
        where d.ip = #{ip}
        AND d.del_flag = '0'
    </select>

    <!-- 项目竣工添加安装时间 -->
    <update id="finish" parameterType="Long">
        update hsw_diagnosis_device set install_time = #{time} where pid = #{pid}
    </update>

    <!-- 根据项目id删除 -->
    <update id="deleteByPid" parameterType="Long">
        update hsw_diagnosis_device set del_flag = '2' where pid = #{pid}
    </update>

    <!--  根据项目id分组统计摄像机数量  -->
    <sql id="selectGroupByPidCameraCountVo">
        SELECT
            d1.pid,
            count( c1.id ) AS camera_count,
            c1.ip
        FROM
            hsw_camera c1
            LEFT JOIN hsw_diagnosis_device d1 ON c1.ip = d1.ip
        WHERE
            c1.del_flag = '0'
            AND d1.del_flag = '0'
            AND d1.pid IN
            <foreach item="ip" collection="array" open="(" separator="," close=")">
                #{ip}
            </foreach>
        GROUP BY
            d1.pid
    </sql>

    <!--  根据项目id分组统计光纤收发器数量  -->
    <sql id="selectGroupByPidOpticalCountVo">
        SELECT
            d2.pid,
            count( t1.id ) AS optical_count,
            t1.ip
        FROM
            hsw_optical_transceiver t1
            LEFT JOIN hsw_diagnosis_device d2 ON t1.ip = d2.ip
        WHERE
            t1.del_flag = '0'
            AND d2.del_flag = '0'
            AND d2.pid IN
            <foreach item="ip" collection="array" open="(" separator="," close=")">
                #{ip}
            </foreach>
        GROUP BY
            d2.pid
    </sql>

    <!--  根据项目id分组统计其他设备数量  -->
    <sql id="selectGroupByPidOtherCountVo">
        SELECT
            d3.pid,
            count( o1.id ) AS other_count,
            o1.ip
        FROM
            hsw_other_device o1
            LEFT JOIN hsw_diagnosis_device d3 ON o1.ip = d3.ip
        WHERE
            o1.del_flag = '0'
            AND d3.del_flag = '0'
            AND d3.pid IN
            <foreach item="ip" collection="array" open="(" separator="," close=")">
                #{ip}
            </foreach>
        GROUP BY
            d3.pid
    </sql>

    <select id="selectGroupByPidCount" parameterType="String" resultMap="DeviceCountResult">
        SELECT
            d.project_title,
            d.pid,
            d.cu_id,
            IF ( ISNULL( d.diagnosis_count ), 0, d.diagnosis_count ) AS diagnosis_count,
            IF ( ISNULL( d.camera_count ), 0, d.camera_count ) AS camera_count,
            IF ( ISNULL( d.optical_transceiver_count ), 0, d.optical_transceiver_count ) AS optical_transceiver_count,
            IF ( ISNULL( d.other_device_count ), 0, d.other_device_count ) AS other_device_count
        FROM
            hsw_device_count d
        WHERE
            d.pid IN
            <foreach item="ip" collection="array" open="(" separator="," close=")">
                #{ip}
            </foreach>
    </select>

    <select id="selectCountByPid" parameterType="String" resultType="int">
        SELECT
            count( id )
        FROM
            hsw_diagnosis_device
        WHERE
            del_flag = '0'
            AND pid IN
            <foreach item="ip" collection="array" open="(" separator="," close=")">
                #{ip}
            </foreach>
    </select>

    <resultMap type="DiagnosisDeviceViewDto" id="DiagnosisDeviceViewResult">
        <result property="divideArea"    column="divide_area"    />
        <result property="provinceLabel"    column="province_label"    />
        <result property="cityLabel"    column="city_label"    />
        <result property="districtLabel"    column="district_label"    />
        <result property="projectTitle"    column="project_title"    />
        <result property="id"    column="id"    />
        <result property="sn"    column="sn"    />
        <result property="divideWorkId"    column="divide_work_id"    />
        <result property="address"    column="address"    />
        <result property="manufacturer"    column="manufacturer"    />
        <result property="model"    column="model"    />
        <result property="ip"    column="ip"    />
        <result property="installTime"    column="install_time"    />
        <result property="pid"    column="pid"    />
        <result property="logicalAddr"    column="logical_addr"    />
        <result property="ver"    column="ver"    />
        <result property="uplinkPort"    column="uplink_port"    />
        <result property="cameraCount"    column="camera_count"    />
        <result property="constructingTeamName"    column="constructing_team_name"    />
        <result property="atId"    column="at_id"    />
        <result property="cuId"    column="cu_id"    />
        <result property="province"    column="province"    />
        <result property="city"    column="city"    />
        <result property="district"    column="district"    />
        <result property="warranty"    column="warranty"    />
        <result property="maintenanceUnitsName"    column="maintenance_units_name"    />
        <result property="maintenanceUnitsId"    column="maintenance_units_id"    />
        <result property="distance"    column="distance"    />
        <result property="network"    column="network"    />
    </resultMap>

    <sql id="selectDiagnosisDeviceViewVo">
        select divide_area, province_label, city_label, district_label, project_title, id, sn, divide_work_id, address, manufacturer, model, ip, install_time, pid, logical_addr, ver, uplink_port, camera_count, constructing_team_name, at_id, cu_id, province, city, district, warranty, maintenance_units_name, maintenance_units_id, distance, network from hsw_diagnosis_device_view
    </sql>

    <select id="selectDiagnosisDeviceViewList" parameterType="DiagnosisDeviceViewDto" resultMap="DiagnosisDeviceViewResult">
        <include refid="selectDiagnosisDeviceViewVo"/>
        <where>
            <if test="divideArea != null  and divideArea != ''"> and divide_area = #{divideArea}</if>
            <if test="provinceLabel != null  and provinceLabel != ''"> and province_label = #{provinceLabel}</if>
            <if test="cityLabel != null  and cityLabel != ''"> and city_label = #{cityLabel}</if>
            <if test="districtLabel != null  and districtLabel != ''"> and district_label = #{districtLabel}</if>
            <if test="projectTitle != null  and projectTitle != ''"> and project_title = #{projectTitle}</if>
            <if test="sn != null  and sn != ''"> and sn = #{sn}</if>
            <if test="divideWorkId != null "> and divide_work_id = #{divideWorkId}</if>
            <if test="address != null  and address != ''"> and address = #{address}</if>
            <if test="manufacturer != null  and manufacturer != ''"> and manufacturer = #{manufacturer}</if>
            <if test="model != null  and model != ''"> and model = #{model}</if>
            <if test="ip != null  and ip != ''"> and ip = #{ip}</if>
            <if test="installTime != null "> and install_time = #{installTime}</if>
            <if test="pid != null "> and pid = #{pid}</if>
            <if test="logicalAddr != null  and logicalAddr != ''"> and logical_addr = #{logicalAddr}</if>
            <if test="ver != null  and ver != ''"> and ver = #{ver}</if>
            <if test="uplinkPort != null "> and uplink_port = #{uplinkPort}</if>
            <if test="cameraCount != null "> and camera_count = #{cameraCount}</if>
            <if test="constructingTeamName != null  and constructingTeamName != ''"> and constructing_team_name like concat('%', #{constructingTeamName}, '%')</if>
            <if test="atId != null "> and at_id = #{atId}</if>
            <if test="cuId != null "> and cu_id = #{cuId}</if>
            <if test="province != null "> and province = #{province}</if>
            <if test="city != null "> and city = #{city}</if>
            <if test="district != null "> and district = #{district}</if>
            <if test="warranty != null "> and warranty = #{warranty}</if>
            <if test="maintenanceUnitsName != null  and maintenanceUnitsName != ''"> and maintenance_units_name like concat('%', #{maintenanceUnitsName}, '%')</if>
            <if test="maintenanceUnitsId != null "> and maintenance_units_id = #{maintenanceUnitsId}</if>
            <if test="distance != null "> and distance = #{distance}</if>
            <if test="network != null  and network != ''"> and network = #{network}</if>

            <if test="pids != null ">
                AND pid IN
                <foreach  item="pid" collection="pids" open="(" separator="," close=")">
                    #{pid}
                </foreach>
            </if>
            <if test="fuzzy != null and fuzzy != ''">
                and (address like concat('%', #{fuzzy}, '%') or ip like concat('%', #{fuzzy}, '%'))
            </if>
        </where>
    </select>

    <select id="selectDiagnosisDeviceViewById" parameterType="String" resultMap="DiagnosisDeviceViewResult">
        <include refid="selectDiagnosisDeviceViewVo"/>
        where id = #{id}
    </select>

    <sql id="selectDeviceCountVo">
        select project_title, diagnosis_count, pid, cu_id, camera_count, other_device_count, optical_transceiver_count from hsw_device_count
    </sql>

    <select id="selectDeviceCountList" resultMap="DeviceCountResult">
        <include refid="selectDeviceCountVo"/>
        <where>
            <if test="pids != null and pids.length > 0">
                pid IN
                <foreach  item="pid" collection="pids" open="(" separator="," close=")">
                    #{pid}
                </foreach>
             </if>
        </where>
    </select>

    <select id="selectDeviceCountById" parameterType="Long" resultMap="DeviceCountResult">
        <include refid="selectDeviceCountVo"/>
        where pid = #{pid}
    </select>

    <select id="checkLogicalAddrUnique" parameterType="String" resultMap="HswDiagnosisDeviceResult">
        select id, logical_addr from hsw_diagnosis_device where logical_addr = #{logicalAddr} and del_flag = '0' limit 1
    </select>

    <resultMap id="treeVoMap" type="com.ruoyi.hsw.domain.vo.TreeVo">
        <result property="id" column="id"/>
        <result property="ip" column="ip"/>
        <result property="label" column="label"/>
    </resultMap>

    <select id="selectTreeByPid" resultMap="treeVoMap">
        SELECT
            id,
            ip,
            address AS label
        FROM
            hsw_diagnosis_device
        WHERE
            del_flag = '0'
            AND pid = #{pid}
        order by
            id desc
    </select>

    <!-- 统计设备信息 -->
    <select id="selectGroupCount" resultMap="DeviceCountResult">
        SELECT
            d.project_title,
            d.pid,
            d.cu_id,
            IF ( ISNULL( d.diagnosis_count ), 0, d.diagnosis_count ) AS diagnosis_count,
            IF ( ISNULL( d.camera_count ), 0, d.camera_count ) AS camera_count,
            IF ( ISNULL( d.optical_transceiver_count ), 0, d.optical_transceiver_count ) AS optical_transceiver_count,
            IF ( ISNULL( d.other_device_count ), 0, d.other_device_count ) AS other_device_count
        FROM
            hsw_device_count d
        where
            1 = 1
            <if test="pid != null">
                and d.pid = #{pid}
            </if>
    </select>
</mapper>
