<?xml version="1.0" encoding="UTF-8" ?>
<!DOCTYPE mapper
PUBLIC "-//mybatis.org//DTD Mapper 3.0//EN"
"http://mybatis.org/dtd/mybatis-3-mapper.dtd">
<mapper namespace="com.ruoyi.hsw.mapper.HswFaultInfoMapper">

    <resultMap type="HswFaultInfo" id="HswFaultInfoResult">
        <result property="id"    column="id"    />
        <result property="faultNo"    column="fault_no"    />
        <result property="regionName"    column="region_name"    />
        <result property="ip"    column="ip"    />
        <result property="sn"    column="sn"    />
        <result property="port"    column="port"    />
        <result property="type"    column="type"    />
        <result property="takeTime"    column="take_time"    />
        <result property="pid"    column="pid"    />
        <result property="descr"    column="descr"    />
        <result property="status"    column="status"    />
        <result property="flagStatus"    column="flag_status"    />
        <result property="repairTime"    column="repair_time"    />
        <result property="jobId"    column="job_id"    />
        <result property="jobNo"    column="job_no"    />
        <result property="mtId"    column="mt_id"    />
        <result property="area"    column="area"    />
        <result property="muId"    column="mu_id"    />
        <result property="todayTakeCount"    column="today_take_count"    />
        <result property="divideWorkId"    column="divide_work_id"    />
        <result property="opState"    column="op_state"    />
        <result property="zigzagCount"    column="zigzag_count"    />
        <result property="influenceCameraCount"    column="influence_camera_count"    />
        <result property="zigzagType"    column="zigzag_type"    />
        <result property="zigzagStatus"    column="zigzag_status"    />
        <result property="timeoutLevel"    column="timeout_level"    />
        <result property="startDistance"    column="start_distance"    />
        <result property="endDistance"    column="end_distance"    />
        <result property="timeoutHour"    column="timeout_hour"    />
        <result property="deviceDistance"    column="device_distance"    />
        <result property="sendWorkOrderLimit"    column="send_work_order_limit"    />
        <result property="network"    column="network"    />
        <result property="delFlag"    column="del_flag"    />
        <result property="createBy"    column="create_by"    />
        <result property="createTime"    column="create_time"    />
        <result property="updateBy"    column="update_by"    />
        <result property="updateTime"    column="update_time"    />
        <result property="cuId"    column="cu_id"    />
        <association property="project"    column="pid" javaType="hswProject" resultMap="hswProjectResult" />
        <association property="maintenanceUnits"    column="maintenance_units_id" javaType="hswMaintenanceUnits" resultMap="hswMaintenanceUnitsResult" />
        <association property="maintenanceTeam"    column="maintenance_team_id" javaType="hswMaintenanceTeam" resultMap="hswMaintenanceTeamResult" />
    </resultMap>

    <resultMap id="hswProjectResult" type="hswProject">
        <id     property="id"   column="pid"     />
        <result property="title"    column="project_title"    />
    </resultMap>

    <resultMap id="hswMaintenanceUnitsResult" type="hswMaintenanceUnits">
        <id     property="id"   column="maintenance_units_id"     />
        <result property="name"    column="maintenance_units_name"    />
    </resultMap>

    <resultMap id="hswMaintenanceTeamResult" type="hswMaintenanceTeam">
        <id     property="id"   column="maintenance_team_id"     />
        <result property="name"    column="maintenance_team_name"    />
    </resultMap>

    <resultMap id="FaultViewResult" type="FaultViewDto">
        <result property="id"    column="id"    />
        <result property="faultNo"    column="fault_no"    />
        <result property="regionName"    column="region_name"    />
        <result property="ip"    column="ip"    />
        <result property="sn"    column="sn"    />
        <result property="port"    column="PORT"    />
        <result property="takeTime"    column="take_time"    />
        <result property="pid"    column="pid"    />
        <result property="descr"    column="descr"    />
        <result property="status"    column="STATUS"    />
        <result property="flagStatus"    column="flag_status"    />
        <result property="repairTime"    column="repair_time"    />
        <result property="jobId"    column="job_id"    />
        <result property="jobNo"    column="job_no"    />
        <result property="mtId"    column="mt_id"    />
        <result property="area"    column="area"    />
        <result property="type"    column="type"    />
        <result property="muId"    column="mu_id"    />
        <result property="todayTakeCount"    column="today_take_count"    />
        <result property="divideWorkId"    column="divide_work_id"    />
        <result property="datestr"    column="datestr"    />
        <result property="monthstr"    column="monthstr"    />
        <result property="zigzagCount"    column="zigzag_count"    />
        <result property="influenceCameraCount"    column="influence_camera_count"    />
        <result property="zigzagType"    column="zigzag_type"    />
        <result property="zigzagStatus"    column="zigzag_status"    />
        <result property="opState"    column="op_state"    />
        <result property="timeoutLevel"    column="timeout_level"    />
        <result property="startDistance"    column="start_distance"    />
        <result property="endDistance"    column="end_distance"    />
        <result property="timeoutHour"    column="timeout_hour"    />
        <result property="deviceDistance"    column="device_distance"    />
        <result property="sendWorkOrderLimit"    column="send_work_order_limit"    />
        <result property="autoRepairTimeCount"    column="auto_repair_time_count"    />
        <result property="network"    column="network"    />
        <result property="province"    column="province"    />
        <result property="city"    column="city"    />
        <result property="district"    column="district"    />
        <result property="projectTitle"    column="project_title"    />
        <result property="maintenanceUnitsName"    column="maintenance_units_name"    />
        <result property="maintenanceTeamName"    column="maintenance_team_name"    />
        <result property="cuId"    column="cu_id"    />
        <result property="hungCount" column="hung_count"/>
    </resultMap>

    <resultMap id="faultStatisticsVoMap" type="com.ruoyi.hsw.domain.vo.FaultStatisticsVo">
        <result property="datestr" column="datestr" />
        <result property="type1Count" column="type1_count" />
        <result property="type2Count" column="type2_count" />
        <result property="type3Count" column="type3_count" />
        <result property="type4Count" column="type4_count" />
        <result property="type5Count" column="type5_count" />
        <result property="type6Count" column="type6_count" />
        <result property="type7Count" column="type7_count" />
        <result property="type8Count" column="type8_count" />
        <result property="type9Count" column="type9_count" />
        <result property="type10Count" column="type10_count" />
        <result property="type11Count" column="type11_count" />
        <result property="cameraFaultCount" column="camera_fault_count" />
    </resultMap>

    <resultMap id="faultStatusVoMap" type="com.ruoyi.hsw.domain.vo.FaultStatusVo">
        <result property="divideWorkId" column="divide_work_id" />
        <result property="total" column="total" />
        <result property="assignCount" column="assign_count" />
        <result property="finishCount" column="finish_count" />
        <result property="autoRepareCount" column="auto_repare_count" />
        <result property="revokeCount" column="revoke_count" />
        <result property="hungCount" column="hung_count" />
        <result property="totalRepairTime" column="total_repair_time" />
    </resultMap>

    <sql id="selectHswFaultInfoVo">
        select
          f.id, f.fault_no, f.region_name, f.ip,
          f.sn, f.port, f.type, f.take_time, f.pid,
          f.descr, f.status, f.flag_status,
          f.repair_time, f.job_id, f.job_no,
          f.mt_id, f.area, f.mu_id, f.today_take_count,
          f.divide_work_id, f.op_state, f.zigzag_count,
          f.influence_camera_count, f.zigzag_type,
          f.zigzag_status, f.timeout_level, f.start_distance,
          f.end_distance, f.timeout_hour, f.device_distance,
          f.send_work_order_limit, f.network, f.del_flag, f.create_by,
          f.create_time, f.update_by, f.update_time,
          p.title as project_title,
          p.id as pid,
          p.cu_id AS cu_id,
          mu.id as maintenance_units_id,
          mu.name as maintenance_units_name,
          mt.id as maintenance_team_id,
          mt.name as maintenance_team_name
        from
          hsw_fault_info f
          left join hsw_project p on p.id = f.pid and p.del_flag = '0'
          left join hsw_maintenance_units mu on mu.id = f.mu_id and mu.del_flag = '0'
          left join hsw_maintenance_team mt on mt.id = f.mt_id and mt.del_flag = '0'
    </sql>

    <select id="selectHswFaultInfoList" parameterType="HswFaultInfo" resultMap="HswFaultInfoResult">
        <include refid="selectHswFaultInfoVo"/>
        <where>
            and f.del_flag = '0'
            and f.flag_status = '0'
            <if test="takeStartTime != null and takeStartTime != '' and takeEndTime != null and takeEndTime != ''">
                and f.take_time >= #{takeStartTime}
                and f.take_time <![CDATA[ <= ]]> #{takeEndTime}
            </if>
            <if test="ip != null  and ip != ''"> and f.ip = #{ip}</if>
            <if test="type != null  and type != ''"> and f.type = #{type}</if>
            <if test="(status != null  and status != '') or status == 0"> and f.status = #{status}</if>
            <if test="pid != null and pid != '' "> and f.pid = #{pid}</if>
            <if test="province != null and province != ''"> and p.province = #{province} </if>
            <if test="city != null and city != ''"> and p.city = #{city} </if>
            <if test="district != null and district != ''"> and p.district = #{district} </if>
            <if test="cuId != null and cuId != ''"> and p.cu_id = #{cuId} </if>
            <if test="muId != null and muId != ''"> and f.mu_id = #{muId} </if>
            <if test="mtId != null and mtId != ''"> and f.mt_id = #{mtId} </if>
        </where>
        order by
            f.id desc
    </select>

    <select id="selectHistoryList" parameterType="HswFaultInfo" resultMap="HswFaultInfoResult">
        <include refid="selectHswFaultInfoVo"/>
        <where>
            and f.del_flag = '0'
            and f.flag_status = '1'
            <if test="takeStartTime != null and takeStartTime != '' and takeEndTime != null and takeEndTime != ''">
                and f.take_time >= #{takeStartTime}
                and f.take_time <![CDATA[ <= ]]> #{takeEndTime}
            </if>
            <if test="ip != null  and ip != ''"> and f.ip = #{ip}</if>
            <if test="type != null  and type != ''"> and f.type = #{type}</if>
            <if test="(status != null  and status != '') or status == 0"> and f.status = #{status}</if>
            <if test="pid != null "> and f.pid = #{pid}</if>
            <if test="province"> and p.province = #{province} </if>
            <if test="city"> and p.city = #{city} </if>
            <if test="district"> and p.district = #{district} </if>
            <if test="cuId != null and cuId != ''"> and p.cu_id = #{cuId} </if>
            <if test="muId != null and muId != ''"> and f.mu_id = #{muId} </if>
            <if test="mtId != null and mtId != ''"> and f.mt_id = #{mtId} </if>
        </where>
        order by
            f.id desc
    </select>

    <select id="selectFaultInfoListByFaultInfoParamAppDto" parameterType="FaultInfoParamAppDto" resultMap="HswFaultInfoResult">
        <include refid="selectHswFaultInfoVo"/>
        <where>
            and f.del_flag = '0'
            and (f.type = 4 or f.type = 5)
            <if test="takeStartTime != null and takeStartTime != '' and takeEndTime != null and takeEndTime != ''">
                and f.take_time >= #{takeStartTime}
                and f.take_time <![CDATA[ <= ]]> #{takeEndTime}
            </if>
            <if test="ip != null  and ip != ''"> and f.ip = #{ip}</if>
            <if test="port != null and port != '' and port != 0"> and f.port = #{port}</if>
        </where>
        order by
            f.id desc
    </select>

    <select id="selectHswFaultInfoById" parameterType="Long" resultMap="HswFaultInfoResult">
        <include refid="selectHswFaultInfoVo"/>
        where
          f.id = #{id}
          and f.del_flag = '0'
    </select>

    <insert id="insertHswFaultInfo" parameterType="HswFaultInfo" useGeneratedKeys="true" keyProperty="id">
        insert into hsw_fault_info
        <trim prefix="(" suffix=")" suffixOverrides=",">
            <if test="id != null">id,</if>
            <if test="faultNo != null">fault_no,</if>
            <if test="regionName != null and regionName != ''">region_name,</if>
            <if test="ip != null">ip,</if>
            <if test="sn != null and sn != ''">sn,</if>
            <if test="port != null">port,</if>
            <if test="type != null and type != ''">type,</if>
            <if test="takeTime != null or takeTime == 0">take_time,</if>
            <if test="pid != null">pid,</if>
            <if test="descr != null">descr,</if>
            <if test="(status != null and status != '') or status == 0">status,</if>
            <if test="(flagStatus != null and flagStatus != '') or flagStatus == 0">flag_status,</if>
            <if test="repairTime != null or repairTime == 0">repair_time,</if>
            <if test="jobId != null">job_id,</if>
            <if test="jobNo != null and jobNo != ''">job_no,</if>
            <if test="mtId != null">mt_id,</if>
            <if test="area != null">area,</if>
            <if test="muId != null">mu_id,</if>
            <if test="todayTakeCount != null">today_take_count,</if>
            <if test="divideWorkId != null">divide_work_id,</if>
            <if test="opState != null or opState == 0">op_state,</if>
            <if test="zigzagCount != null">zigzag_count,</if>
            <if test="influenceCameraCount != null">influence_camera_count,</if>
            <if test="zigzagType != null">zigzag_type,</if>
            <if test="zigzagStatus != null or zigzagStatus == 0">zigzag_status,</if>
            <if test="timeoutLevel != null">timeout_level,</if>
            <if test="startDistance != null">start_distance,</if>
            <if test="endDistance != null">end_distance,</if>
            <if test="timeoutHour != null">timeout_hour,</if>
            <if test="deviceDistance != null">device_distance,</if>
            <if test="sendWorkOrderLimit != null">send_work_order_limit,</if>
            <if test="network != null">network,</if>
            <if test="delFlag != null">del_flag,</if>
            <if test="createBy != null">create_by,</if>
            <if test="createTime != null">create_time,</if>
            <if test="updateBy != null">update_by,</if>
            <if test="updateTime != null">update_time,</if>
         </trim>
        <trim prefix="values (" suffix=")" suffixOverrides=",">
            <if test="id != null">#{id},</if>
            <if test="faultNo != null">#{faultNo},</if>
            <if test="regionName != null and regionName != ''">#{regionName},</if>
            <if test="ip != null">#{ip},</if>
            <if test="sn != null and sn != ''">#{sn},</if>
            <if test="port != null">#{port},</if>
            <if test="type != null and type != ''">#{type},</if>
            <if test="takeTime != null or takeTime == 0">#{takeTime},</if>
            <if test="pid != null">#{pid},</if>
            <if test="descr != null">#{descr},</if>
            <if test="(status != null and status != '') or status == 0">#{status},</if>
            <if test="(flagStatus != null and flagStatus != '') or flagStatus == 0">#{flagStatus},</if>
            <if test="repairTime != null or repairTime == 0">#{repairTime},</if>
            <if test="jobId != null">#{jobId},</if>
            <if test="jobNo != null and jobNo != ''">#{jobNo},</if>
            <if test="mtId != null">#{mtId},</if>
            <if test="area != null">#{area},</if>
            <if test="muId != null">#{muId},</if>
            <if test="todayTakeCount != null">#{todayTakeCount},</if>
            <if test="divideWorkId != null">#{divideWorkId},</if>
            <if test="opState != null or opState == 0">#{opState},</if>
            <if test="zigzagCount != null">#{zigzagCount},</if>
            <if test="influenceCameraCount != null">#{influenceCameraCount},</if>
            <if test="zigzagType != null">#{zigzagType},</if>
            <if test="zigzagStatus != null or zigzagStatus == 0">#{zigzagStatus},</if>
            <if test="timeoutLevel != null">#{timeoutLevel},</if>
            <if test="startDistance != null">#{startDistance},</if>
            <if test="endDistance != null">#{endDistance},</if>
            <if test="timeoutHour != null">#{timeoutHour},</if>
            <if test="deviceDistance != null">#{deviceDistance},</if>
            <if test="sendWorkOrderLimit != null">#{sendWorkOrderLimit},</if>
            <if test="network != null">#{network},</if>
            <if test="delFlag != null">#{delFlag},</if>
            <if test="createBy != null">#{createBy},</if>
            <if test="createTime != null">#{createTime},</if>
            <if test="updateBy != null">#{updateBy},</if>
            <if test="updateTime != null">#{updateTime},</if>
         </trim>
    </insert>

    <update id="updateHswFaultInfo" parameterType="HswFaultInfo">
        update hsw_fault_info
        <trim prefix="SET" suffixOverrides=",">
            <if test="faultNo != null">fault_no = #{faultNo},</if>
            <if test="regionName != null and regionName != ''">region_name = #{regionName},</if>
            <if test="ip != null">ip = #{ip},</if>
            <if test="sn != null and sn != ''">sn = #{sn},</if>
            <if test="port != null">port = #{port},</if>
            <if test="type != null and type != ''">type = #{type},</if>
            <if test="takeTime != null or takeTime == 0">take_time = #{takeTime},</if>
            <if test="pid != null">pid = #{pid},</if>
            <if test="descr != null">descr = #{descr},</if>
            <if test="(status != null and status != '') or status == 0">status = #{status},</if>
            <if test="(flagStatus != null and flagStatus != '') or flagStatus == 0">flag_status = #{flagStatus},</if>
            <if test="repairTime != null or repairTime == 0">repair_time = #{repairTime},</if>
            <if test="jobId != null">job_id = #{jobId},</if>
            <if test="jobNo != null and jobNo != ''">job_no = #{jobNo},</if>
            <if test="mtId != null">mt_id = #{mtId},</if>
            <if test="area != null">area = #{area},</if>
            <if test="muId != null">mu_id = #{muId},</if>
            <if test="todayTakeCount != null">today_take_count = #{todayTakeCount},</if>
            <if test="divideWorkId != null">divide_work_id = #{divideWorkId},</if>
            <if test="opState != null or opState == 0">op_state = #{opState},</if>
            <if test="zigzagCount != null">zigzag_count = #{zigzagCount},</if>
            <if test="influenceCameraCount != null">influence_camera_count = #{influenceCameraCount},</if>
            <if test="zigzagType != null">zigzag_type = #{zigzagType},</if>
            <if test="zigzagStatus != null or zigzagStatus == 0">zigzag_status = #{zigzagStatus},</if>
            <if test="timeoutLevel != null">timeout_level = #{timeoutLevel},</if>
            <if test="startDistance != null">start_distance = #{startDistance},</if>
            <if test="endDistance != null">end_distance = #{endDistance},</if>
            <if test="timeoutHour != null">timeout_hour = #{timeoutHour},</if>
            <if test="deviceDistance != null">device_distance = #{deviceDistance},</if>
            <if test="sendWorkOrderLimit != null">send_work_order_limit = #{sendWorkOrderLimit},</if>
            <if test="network != null">network = #{network},</if>
            <if test="delFlag != null">del_flag = #{delFlag},</if>
            <if test="createBy != null">create_by = #{createBy},</if>
            <if test="createTime != null">create_time = #{createTime},</if>
            <if test="updateBy != null">update_by = #{updateBy},</if>
            <if test="updateTime != null">update_time = #{updateTime},</if>
        </trim>
        where id = #{id}
    </update>

    <update id="deleteHswFaultInfoById" parameterType="Long">
        update hsw_fault_info set del_flag = '2' where id = #{id}
    </update>

    <update id="deleteHswFaultInfoByIds" parameterType="Long">
        update hsw_fault_info set del_flag = '2' where id in
        <foreach item="id" collection="array" open="(" separator="," close=")">
            #{id}
        </foreach>
    </update>

    <!-- 根据项目id删除 -->
    <update id="deleteByPid" parameterType="Long">
        update hsw_diagnosis_device set del_flag = '2' where id = #{pid}
    </update>

    <update id="updateHswFaultInfoByApi" parameterType="UpdateFaultDto">
        update hsw_fault_info
        <trim prefix="SET" suffixOverrides=",">
            <if test="newType != null">type = #{newType},</if>
            <if test="descr != null">descr = #{descr},</if>
            <if test="zigzagCount != null">zigzag_count = #{zigzagCount},</if>
        </trim>
        where ip = #{ip}
        and port = #{port}
        and type= #{oldType}
        and zigzag_type = #{zigzagType}
        and del_flag = '0'
        and flag_status = '0'
    </update>

    <!-- 更新故障状态状态 -->
    <update id="updateStatusById">
        update hsw_fault_info set status = #{status}, update_by = #{updateBy}, update_time = now() where id = #{id}
    </update>

    <select id="selectFaultViewListForApp" parameterType="ActiveFaultPageableDto" resultMap="FaultViewResult">
        SELECT * from hsw_fault_view
        <where>
            <if test="mtId != null and mtId != ''"> and mt_id = #{mtId}</if>
            <if test="(flagStatus != null and flagStatus != '') or flagStatus == 0"> and flag_status = #{flagStatus}</if>
            <if test="muId != null  and muId != ''"> and mu_id = #{muId}</if>
            <if test="cuId != null  and cuId != ''"> and cu_id = #{cuId}</if>
            <if test="starttime != null and starttime != '' and endtime != null and endtime != ''">
             and (take_time between #{starttime} and #{endtime})
             </if>
            <if test="pid != null and pid != ''"> and pid = #{pid} </if>
            <if test="(status != null and status != '') or status == 0"> and status = #{status} </if>
            <if test="type != null and type != ''"> and type = #{type} </if>
            <if test="fuzzy != null and fuzzy != ''"> and (ip like concat('%', #{fuzzy}, '%') or region_name like concat('%', #{fuzzy}, '%')) </if>
        </where>
            order by id desc
    </select>

    <select id="selectFaultCountByPidsAndDate" resultMap="FaultViewResult">
        SELECT
            divide_work_id,
            sum( influence_camera_count ) influence_camera_count,
            sum( CASE WHEN `status` = 4 THEN 1 ELSE 0 END ) hung_count,
            w.area
        FROM
            hsw_fault_view f
            LEFT JOIN hsw_divide_work w ON f.divide_work_id = w.id
        WHERE
            1=1
            AND
            f.pid IN
            <foreach  item="pid" collection="pids" open="(" separator="," close=")">
                #{pid}
            </foreach>

            <if test="startDate != null and startDate != '' and endDate != null and endDate != ''">
                AND f.take_time <![CDATA[ >= ]]> #{startDate}
                AND f.take_time <![CDATA[ <= ]]> #{endDate}
            </if>
        GROUP BY
            divide_work_id
    </select>

    <!-- 根据时间范围获取故障设备数量 -->
    <select id="selectFaultCountDate" resultMap="FaultViewResult">
        SELECT
            p.title as project_title,
            divide_work_id,
            sum( influence_camera_count ) influence_camera_count,
            sum( CASE WHEN `status` = 4 THEN 1 ELSE 0 END ) hung_count,
            w.area
        FROM
            hsw_fault_view f
            LEFT JOIN hsw_divide_work w ON f.divide_work_id = w.id
            left join hsw_project p on f.pid = p.id
        WHERE
            1=1
        <if test="pid != null">
            and f.pid = #{pid}
        </if>
        <if test="startDate != null and startDate != '' and endDate != null and endDate != ''">
            AND f.take_time <![CDATA[ >= ]]> #{startDate}
            AND f.take_time <![CDATA[ <= ]]> #{endDate}
        </if>
        GROUP BY
            divide_work_id
    </select>

    <select id="selectFaultTypeCountByPidsAndDate" resultMap="faultStatisticsVoMap">
        SELECT
            f.datestr,
            sum( CASE f.type WHEN 1 THEN 1 ELSE 0 END ) type1_count,
            sum( CASE f.type WHEN 2 THEN 1 ELSE 0 END ) type2_count,
            sum( CASE f.type WHEN 3 THEN 1 ELSE 0 END ) type3_count,
            sum( CASE f.type WHEN 4 THEN 1 ELSE 0 END ) type4_count,
            sum( CASE f.type WHEN 5 THEN 1 ELSE 0 END ) type5_count,
            sum( CASE f.type WHEN 6 THEN 1 ELSE 0 END ) type6_count,
            sum( CASE f.type WHEN 7 THEN 1 ELSE 0 END ) type7_count,
            sum( CASE f.type WHEN 8 THEN 1 ELSE 0 END ) type8_count,
            sum( CASE f.type WHEN 9 THEN 1 ELSE 0 END ) type9_count,
            sum( CASE f.type WHEN 10 THEN 1 ELSE 0 END ) type10_count,
            sum( CASE f.type WHEN 11 THEN 1 ELSE 0 END ) type11_count,
            sum(
            CASE
            WHEN ( f.type <![CDATA[ <> ]]> 7 OR f.type <![CDATA[ <> ]]> 8 OR f.type <![CDATA[ <> ]]> 9 OR f.type <![CDATA[ <> ]]> 12 )
            AND ( f.`status` <![CDATA[ <> ]]> 3 OR f.`status` <![CDATA[ <> ]]> 4 OR f.`status` <![CDATA[ <> ]]> 5 OR f.`status` <![CDATA[ <> ]]> 6 )
            AND ( f.today_take_count = 1 OR f.today_take_count IS NULL ) THEN
            f.influence_camera_count ELSE 0
            END
            ) camera_fault_count
        FROM
            hsw_fault_view f
        WHERE
            1=1

            <if test="pids != null and pids.length > 0">
                AND
                f.pid IN
                <foreach  item="pid" collection="pids" open="(" separator="," close=")">
                    #{pid}
                </foreach>
            </if>

            <if test="startDate != null and startDate != '' and endDate != null and endDate != ''">
                AND f.take_time <![CDATA[ >= ]]> #{startDate}
                AND f.take_time <![CDATA[ <= ]]> #{endDate}
            </if>
        GROUP BY
            f.datestr
    </select>

    <!-- 根据时间范围获取不同故障类型数量 -->
    <select id="selectFaultTypeCountByDate" resultMap="faultStatisticsVoMap">
        SELECT
            f.datestr,
            sum( CASE f.type WHEN 1 THEN 1 ELSE 0 END ) type1_count,
            sum( CASE f.type WHEN 2 THEN 1 ELSE 0 END ) type2_count,
            sum( CASE f.type WHEN 3 THEN 1 ELSE 0 END ) type3_count,
            sum( CASE f.type WHEN 4 THEN 1 ELSE 0 END ) type4_count,
            sum( CASE f.type WHEN 5 THEN 1 ELSE 0 END ) type5_count,
            sum( CASE f.type WHEN 6 THEN 1 ELSE 0 END ) type6_count,
            sum( CASE f.type WHEN 7 THEN 1 ELSE 0 END ) type7_count,
            sum( CASE f.type WHEN 8 THEN 1 ELSE 0 END ) type8_count,
            sum( CASE f.type WHEN 9 THEN 1 ELSE 0 END ) type9_count,
            sum( CASE f.type WHEN 10 THEN 1 ELSE 0 END ) type10_count,
            sum( CASE f.type WHEN 11 THEN 1 ELSE 0 END ) type11_count,
            sum(
            CASE
            WHEN ( f.type <![CDATA[ <> ]]> 7 OR f.type <![CDATA[ <> ]]> 8 OR f.type <![CDATA[ <> ]]> 9 OR f.type <![CDATA[ <> ]]> 12 )
            AND ( f.`status` <![CDATA[ <> ]]> 3 OR f.`status` <![CDATA[ <> ]]> 4 OR f.`status` <![CDATA[ <> ]]> 5 OR f.`status` <![CDATA[ <> ]]> 6 )
            AND ( f.today_take_count = 1 OR f.today_take_count IS NULL ) THEN
            f.influence_camera_count ELSE 0
            END
            ) camera_fault_count
        FROM
            hsw_fault_view f
        WHERE
            1=1
        <if test="pid != null">
            and f.pid = #{pid}
        </if>
        <if test="startDate != null and startDate != '' and endDate != null and endDate != ''">
            AND f.take_time <![CDATA[ >= ]]> #{startDate}
            AND f.take_time <![CDATA[ <= ]]> #{endDate}
        </if>
        GROUP BY
            f.datestr
    </select>

    <select id="selectFaultTypeCountByIp" resultMap="faultStatisticsVoMap">
        SELECT
            IFNULL(sum( CASE f.type WHEN 1 THEN 1 ELSE 0 END ),0) type1_count,
            IFNULL(sum( CASE f.type WHEN 2 THEN 1 ELSE 0 END ),0) type2_count,
            IFNULL(sum( CASE f.type WHEN 3 THEN 1 ELSE 0 END ),0) type3_count,
            IFNULL(sum( CASE f.type WHEN 4 THEN 1 ELSE 0 END ),0) type4_count,
            IFNULL(sum( CASE f.type WHEN 5 THEN 1 ELSE 0 END ),0) type5_count,
            IFNULL(sum( CASE f.type WHEN 6 THEN 1 ELSE 0 END ),0) type6_count,
            IFNULL(sum( CASE f.type WHEN 7 THEN 1 ELSE 0 END ),0) type7_count,
            IFNULL(sum( CASE f.type WHEN 8 THEN 1 ELSE 0 END ),0) type8_count,
            IFNULL(sum( CASE f.type WHEN 9 THEN 1 ELSE 0 END ),0) type9_count,
            IFNULL(sum( CASE f.type WHEN 10 THEN 1 ELSE 0 END ),0) type10_count,
            IFNULL(sum( CASE f.type WHEN 11 THEN 1 ELSE 0 END ),0) type11_count
        FROM
            hsw_fault_view f
        WHERE
            1=1
        <if test="ip != null">
            AND f.ip = #{ip}
        </if>
    </select>

    <select id="selectDateRange" resultType="string">
        SELECT
            a.Date AS datestr
        FROM
        (
            SELECT
                curdate( ) - INTERVAL ( a.a + ( 10 * b.a ) + ( 100 * c.a ) ) DAY AS Date
            FROM
            (
                SELECT
                    0 AS a UNION ALL
                SELECT
                    1 UNION ALL
                SELECT
                    2 UNION ALL
                SELECT
                    3 UNION ALL
                SELECT
                    4 UNION ALL
                SELECT
                    5 UNION ALL
                SELECT
                    6 UNION ALL
                SELECT
                    7 UNION ALL
                SELECT
                    8 UNION ALL
                SELECT
                    9
            ) AS a
            CROSS JOIN (
                SELECT
                    0 AS a UNION ALL
                SELECT
                    1 UNION ALL
                SELECT
                    2 UNION ALL
                SELECT
                    3 UNION ALL
                SELECT
                    4 UNION ALL
                SELECT
                    5 UNION ALL
                SELECT
                    6 UNION ALL
                SELECT
                    7 UNION ALL
                SELECT
                    8 UNION ALL
                SELECT
                    9
            ) AS b
            CROSS JOIN (
                SELECT
                    0 AS a UNION ALL
                SELECT
                    1 UNION ALL
                SELECT
                    2 UNION ALL
                SELECT
                    3 UNION ALL
                SELECT
                    4 UNION ALL
                SELECT
                    5 UNION ALL
                SELECT
                    6 UNION ALL
                SELECT
                    7 UNION ALL
                SELECT
                    8 UNION ALL
                SELECT
                    9
            ) AS c
        ) a
        WHERE
            1=1
            <if test="startDate != null and startDate != '' and endDate != null and endDate != ''">
                AND a.Date <![CDATA[ >= ]]>  #{startDate}
                AND a.Date <![CDATA[ <= ]]> #{endDate}
            </if>
        ORDER BY
            a.Date
    </select>

    <sql id="selectFaultViewVo">
        select id, fault_no, region_name, ip, sn, PORT, take_time, pid, descr, STATUS, flag_status, repair_time, job_id, job_no, mt_id, area, type, mu_id, today_take_count, divide_work_id, datestr, monthstr, zigzag_count, influence_camera_count, zigzag_type, zigzag_status, op_state, timeout_level, start_distance, end_distance, timeout_hour, device_distance, send_work_order_limit, auto_repair_time_count, network, province, city, district, project_title, maintenance_units_name, maintenance_team_name, cu_id from hsw_fault_view
    </sql>

    <select id="selectFaultViewList" parameterType="FaultViewDto" resultMap="FaultViewResult">
        <include refid="selectFaultViewVo"/>
        <where>
            <if test="faultNo != null  and faultNo != ''"> and fault_no = #{faultNo}</if>
            <if test="regionName != null  and regionName != ''"> and region_name like concat('%', #{regionName}, '%')</if>
            <if test="ip != null  and ip != ''"> and ip = #{ip}</if>
            <if test="sn != null  and sn != ''"> and sn = #{sn}</if>
            <if test="port != null "> and PORT = #{port}</if>
            <if test="takeTime != null or takeTime == 0"> and take_time = #{takeTime}</if>
            <if test="pid != null "> and pid = #{pid}</if>
            <if test="descr != null  and descr != ''"> and descr = #{descr}</if>
            <if test="(status != null  and status != '') or status == 0"> and STATUS = #{status}</if>
            <if test="(flagStatus != null  and flagStatus != '') or flagStatus == 0"> and flag_status = #{flagStatus}</if>
            <if test="repairTime != null or repairTime == 0"> and repair_time = #{repairTime}</if>
            <if test="jobId != null "> and job_id = #{jobId}</if>
            <if test="jobNo != null  and jobNo != ''"> and job_no = #{jobNo}</if>
            <if test="mtId != null "> and mt_id = #{mtId}</if>
            <if test="area != null  and area != ''"> and area = #{area}</if>
            <if test="type != null  and type != ''"> and type = #{type}</if>
            <if test="muId != null "> and mu_id = #{muId}</if>
            <if test="todayTakeCount != null "> and today_take_count = #{todayTakeCount}</if>
            <if test="divideWorkId != null "> and divide_work_id = #{divideWorkId}</if>
            <if test="datestr != null  and datestr != ''"> and datestr = #{datestr}</if>
            <if test="monthstr != null  and monthstr != ''"> and monthstr = #{monthstr}</if>
            <if test="zigzagCount != null "> and zigzag_count = #{zigzagCount}</if>
            <if test="influenceCameraCount != null "> and influence_camera_count = #{influenceCameraCount}</if>
            <if test="zigzagType != null "> and zigzag_type = #{zigzagType}</if>
            <if test="zigzagStatus != null or zigzagStatus == 0"> and zigzag_status = #{zigzagStatus}</if>
            <if test="(opState != null  and opState != '') or opState == 0"> and op_state = #{opState}</if>
            <if test="timeoutLevel != null "> and timeout_level = #{timeoutLevel}</if>
            <if test="startDistance != null "> and start_distance = #{startDistance}</if>
            <if test="endDistance != null "> and end_distance = #{endDistance}</if>
            <if test="timeoutHour != null "> and timeout_hour = #{timeoutHour}</if>
            <if test="deviceDistance != null "> and device_distance = #{deviceDistance}</if>
            <if test="sendWorkOrderLimit != null "> and send_work_order_limit = #{sendWorkOrderLimit}</if>
            <if test="autoRepairTimeCount != null "> and auto_repair_time_count = #{autoRepairTimeCount}</if>
            <if test="network != null  and network != ''"> and network = #{network}</if>
            <if test="province != null "> and province = #{province}</if>
            <if test="city != null "> and city = #{city}</if>
            <if test="district != null "> and district = #{district}</if>
            <if test="projectTitle != null  and projectTitle != ''"> and project_title = #{projectTitle}</if>
            <if test="maintenanceUnitsName != null  and maintenanceUnitsName != ''"> and maintenance_units_name like concat('%', #{maintenanceUnitsName}, '%')</if>
            <if test="maintenanceTeamName != null  and maintenanceTeamName != ''"> and maintenance_team_name like concat('%', #{maintenanceTeamName}, '%')</if>
            <if test="cuId != null "> and cu_id = #{cuId}</if>
            <if test="pids != null ">
                AND pid IN
                <foreach  item="pid" collection="pids" open="(" separator="," close=")">
                    #{pid}
                </foreach>
            </if>
        </where>
    </select>

    <select id="selectFaultViewById" parameterType="Long" resultMap="FaultViewResult">
        <include refid="selectFaultViewVo"/>
        where id = #{id}
    </select>

    <select id="selectFaultViewForRecoveryForApi" resultMap="FaultViewResult">
        <include refid="selectFaultViewVo"/>
        where ip = #{ip}
        and port = #{port}
        and type = #{type}
        and zigzag_type = #{zigzagType}
        <![CDATA[
        and (status <> 3 or status <> 5)
        ]]>
        and flag_status = 0
        order by id desc
        limit 1
    </select>

    <select id="selectFaultStatusByPidAndDate" resultMap="faultStatusVoMap">
        SELECT
            j.divide_work_id,
            count( j.id ) total,
            sum(
        CASE

            WHEN ( j.`status` = 2 OR j.`status` = 3 OR j.`status` = 4 ) THEN
            1 ELSE 0
        END
            ) assign_count,
            sum( CASE WHEN j.`status` = 3 THEN 1 ELSE 0 END ) finish_count,
            sum( CASE WHEN j.`status` = 5 THEN 1 ELSE 0 END ) auto_repare_count,
            sum( CASE WHEN j.`status` = 6 THEN 1 ELSE 0 END ) revoke_count,
            sum( CASE WHEN j.`status` = 4 THEN 1 ELSE 0 END ) hung_count,
            sum( CASE WHEN j.`status` = 3 THEN ( j.repair_time - j.send_time ) ELSE 0 END ) total_repair_time
        FROM
            hsw_fault_count_by_job j
        WHERE
            1 = 1
            <if test="pid != null">
                AND
                j.pid = #{pid}
            </if>

            <if test="startDate != null and endDate != null">
                AND j.take_time <![CDATA[ >= ]]> #{startDate}
                AND j.take_time <![CDATA[ <= ]]> #{endDate}
            </if>
        GROUP BY
        j.divide_work_id
    </select>

    <!-- 根据时间范围获取不同故障状态数量 -->
    <select id="selectFaultStatusByDate" resultMap="faultStatusVoMap">
        SELECT
            j.divide_work_id,
            count( j.id ) total,
            sum(
            CASE

            WHEN ( j.`status` = 2 OR j.`status` = 3 OR j.`status` = 4 ) THEN
            1 ELSE 0
            END
            ) assign_count,
            sum( CASE WHEN j.`status` = 3 THEN 1 ELSE 0 END ) finish_count,
            sum( CASE WHEN j.`status` = 5 THEN 1 ELSE 0 END ) auto_repare_count,
            sum( CASE WHEN j.`status` = 6 THEN 1 ELSE 0 END ) revoke_count,
            sum( CASE WHEN j.`status` = 4 THEN 1 ELSE 0 END ) hung_count,
            sum( CASE WHEN j.`status` = 3 THEN ( j.repair_time - j.send_time ) ELSE 0 END ) total_repair_time
        FROM
            hsw_fault_count_by_job j
        WHERE
            1 = 1
        <if test="pid != null">
            AND j.pid = #{pid}
        </if>
        <if test="startDate != null and endDate != null">
            AND j.take_time <![CDATA[ >= ]]> #{startDate}
            AND j.take_time <![CDATA[ <= ]]> #{endDate}
        </if>
        GROUP BY
            j.divide_work_id
    </select>

    <select id="selectFaultViewList2" resultMap="FaultViewResult">
        <include refid="selectFaultViewVo"/>
        <where>
            <if test="(vo.flagStatus != null  and vo.flagStatus != '') or vo.flagStatus == 0"> and flag_status = #{vo.flagStatus}</if>
            <if test="vo.pids != null and vo.pids.length > 0">
                AND pid IN
                <foreach  item="pid" collection="vo.pids" open="(" separator="," close=")">
                    #{pid}
                </foreach>
            </if>
        </where>
    </select>

    <select id="selectFaultExistsForApi" parameterType="HswFaultInfo" resultType="Integer">
        select
          count(*)
        from
          hsw_fault_info
        where del_flag = '0'
        and flag_status = '0'
        and status in (0,1,2)
        <if test="ip != null  and ip != ''"> and ip = #{ip}</if>
        <if test="port != null "> and port = #{port}</if>
        <if test="type != null  and type != ''"> and type = #{type}</if>
    </select>

    <select id="selectFaultGroupHour" resultType="com.ruoyi.hsw.dto.index.DeviceDateCountDto">
        SELECT
            DATE_FORMAT( FROM_UNIXTIME( h.take_time ), '%H' ) AS dateStr,
            sum(
                CASE

                WHEN ( h.type <![CDATA[ <> ]]> 7 OR h.type <![CDATA[ <> ]]> 8 OR h.type <![CDATA[ <> ]]> 9 OR h.type <![CDATA[ <> ]]> 12 )
                AND ( h.`status` <![CDATA[ <> ]]> 3 OR h.`status` <![CDATA[ <> ]]> 4 OR h.`status` <![CDATA[ <> ]]> 5 OR h.`status` <![CDATA[ <> ]]> 6 )
                AND ( h.today_take_count = 1 OR h.today_take_count IS NULL ) THEN
                h.influence_camera_count ELSE 0
                END
            ) `count`
        FROM
            hsw_fault_view h
        WHERE
            1 = 1

            <if test="pids != null and pids.length > 0">
                AND
                h.pid IN
                <foreach  item="pid" collection="pids" open="(" separator="," close=")">
                    #{pid}
                </foreach>
            </if>

            <if test="startDate != null and startDate != '' and endDate != null and endDate != ''">
                AND h.take_time <![CDATA[ >= ]]> #{startDate}
                AND h.take_time <![CDATA[ <= ]]> #{endDate}
            </if>
        GROUP BY
            DATE_FORMAT( FROM_UNIXTIME( take_time ), '%H' );
    </select>

    <select id="selectFaultReportList" resultType="FaultReportDto">
        SELECT
        datestr,
        sum( CASE hsw_fault_view.type WHEN 1 THEN 1 ELSE 0 END ) typeCount1,
        sum( CASE hsw_fault_view.type WHEN 2 THEN 1 ELSE 0 END ) typeCount2,
        sum( CASE hsw_fault_view.type WHEN 3 THEN 1 ELSE 0 END ) typeCount3,
        sum( CASE hsw_fault_view.type WHEN 4 THEN 1 ELSE 0 END ) typeCount4,
        sum( CASE hsw_fault_view.type WHEN 5 THEN 1 ELSE 0 END ) typeCount5,
        sum( CASE hsw_fault_view.type WHEN 6 THEN 1 ELSE 0 END ) typeCount6,
        sum( CASE hsw_fault_view.type WHEN 7 THEN 1 ELSE 0 END ) typeCount7,
        sum( CASE hsw_fault_view.type WHEN 8 THEN 1 ELSE 0 END ) typeCount8,
        sum( CASE hsw_fault_view.type WHEN 9 THEN 1 ELSE 0 END ) typeCount9,
        sum( CASE hsw_fault_view.type WHEN 10 THEN 1 ELSE 0 END ) typeCount10,
        sum( CASE hsw_fault_view.type WHEN 11 THEN 1 ELSE 0 END ) typeCount11,
        sum( CASE hsw_fault_view.type WHEN 12 THEN 1 ELSE 0 END ) typeCount12,
        sum(
        CASE
        WHEN ( hsw_fault_view.type = 4 OR hsw_fault_view.type = 5 )
            AND ( `status` <![CDATA[ <> ]]> 4 OR `status`<![CDATA[ <> ]]> 5 OR `status` <![CDATA[ <> ]]>6 )
            AND ( hsw_fault_view.today_take_count = 1 OR hsw_fault_view.today_take_count IS NULL ) THEN
            influence_camera_count ELSE 0
        END
        ) cameraFaultCount
        FROM hsw_fault_view
        where 1 = 1
        <if test="pids != null and pids.length > 0">
            AND pid IN
            <foreach  item="pid" collection="pids" open="(" separator="," close=")">
                #{pid}
            </foreach>
        </if>

        <if test="startDate != null and startDate != '' and endDate != null and endDate != ''">
            AND take_time between  #{startDate} and #{endDate}
        </if>
        group by datestr
    </select>

    <!--  统计故障数量  -->
    <select id="selectFaultViewCount" parameterType="com.ruoyi.hsw.dto.FaultViewDto" resultType="int">
        SELECT
        count( id ) AS faultCount
        FROM
        hsw_fault_view
        WHERE
        flag_status =0
        <if test="pids != null and pids.length > 0">
            AND
            pid IN
            <foreach  item="pid" collection="pids" open="(" separator="," close=")">
                #{pid}
            </foreach>
        </if>

        <if test="cuId != null and cuId != 0"> and cu_id = #{cuId}</if>

        <if test="muId != null and muId != 0"> and mu_id = #{muId}</if>

        <if test="mtId != null and mtId != 0"> and mt_id = #{mtId}</if>
    </select>

    <!-- 查询活动故障信息列表 -->
    <select id="selectHswFaultInfoListByIp" resultMap="HswFaultInfoResult">
        <include refid="selectHswFaultInfoVo"/>
        where
            f.del_flag = '0'
            and f.flag_status = '0'
            and f.ip = #{ip}
        order by
            f.create_time
    </select>

    <!-- 根据ip查询发生故障数 -->
    <select id="selectCountByIp" resultType="java.lang.Integer">
        select
            count(*)
        from
            hsw_fault_info
        where
            del_flag = '0'
            and ip = #{ip}
    </select>

    <select id="selectFaultExistsForIot" parameterType="HswFaultInfo" resultType="Integer">
        select
        count(*)
        from
        hsw_fault_info
        where del_flag = '0'
        and flag_status = '0'
        -- 注释说明：只要是活动故障就代表故障在存，防止重复障碍
        --         and status in (0,1,2)
        <if test="ip != null  and ip != ''"> and ip = #{ip}</if>
        <if test="port != null "> and port = #{port}</if>
        <if test="type != null  and type != ''"> and type = #{type}</if>
    </select>
</mapper>
