<?xml version="1.0" encoding="UTF-8" ?>
<!DOCTYPE mapper
PUBLIC "-//mybatis.org//DTD Mapper 3.0//EN"
"http://mybatis.org/dtd/mybatis-3-mapper.dtd">
<mapper namespace="com.ruoyi.hsw.mapper.HswJobLogMapper">
    
    <resultMap type="HswJobLog" id="HswJobLogResult">
        <result property="id"    column="id"    />
        <result property="jobId"    column="job_id"    />
        <result property="jobNo"    column="job_no"    />
        <result property="jobStatus"    column="job_status"    />
        <result property="handleStatus"    column="handle_status"    />
        <result property="handleUid"    column="handle_uid"    />
        <result property="handleUname"    column="handle_uname"    />
        <result property="handleTime"    column="handle_time"    />
        <result property="handleReason"    column="handle_reason"    />
        <result property="oldReceiverId"    column="old_receiver_id"    />
        <result property="delFlag"    column="del_flag"    />
        <result property="createBy"    column="create_by"    />
        <result property="createTime"    column="create_time"    />
        <result property="updateBy"    column="update_by"    />
        <result property="updateTime"    column="update_time"    />
    </resultMap>

    <sql id="selectHswJobLogVo">
        select
          t.id, t.job_id, t.job_no, t.job_status,
          t.handle_status, t.handle_uid,
          t.handle_uname, t.handle_time,
          t.handle_reason, t.old_receiver_id,
          t.del_flag, t.create_by, t.create_time,
          t.update_by, t.update_time
        from
          hsw_job_log t
          left join hsw_job_info j on j.id = t.job_id
          left join hsw_fault_info f on f.id = j.fault_id
          left join hsw_project p on f.pid = p.id
    </sql>

    <select id="selectHswJobLogList" parameterType="HswJobLog" resultMap="HswJobLogResult">
        <include refid="selectHswJobLogVo"/>
        <where>
            and t.del_flag = '0'
            <if test="jobId != null "> and t.job_id = #{jobId}</if>
            <if test="jobNo != null  and jobNo != ''"> and t.job_no = #{jobNo}</if>
            <if test="jobStatus != null "> and t.job_status = #{jobStatus}</if>
            <if test="handleStatus != null "> and t.handle_status = #{handleStatus}</if>
            <if test="handleUid != null "> and t.handle_uid = #{handleUid}</if>
            <if test="handleUname != null  and handleUname != ''"> and t.handle_uname like concat('%', #{handleUname}, '%')</if>
            <if test="handleTime != null "> and t.handle_time = #{handleTime}</if>
            <if test="handleReason != null  and handleReason != ''"> and t.handle_reason = #{handleReason}</if>
            <if test="oldReceiverId != null "> and t.old_receiver_id = #{oldReceiverId}</if>
            <if test="pids != null and pids.size > 0">
                and f.pid in
                <foreach collection="pids" item="pid" separator="," open="(" close=")">
                    #{pid}
                </foreach>
            </if>
        </where>
        order by
            t.id
    </select>
    
    <select id="selectHswJobLogById" parameterType="Long" resultMap="HswJobLogResult">
        <include refid="selectHswJobLogVo"/>
        where
          t.id = #{id}
          and t.del_flag = '0'
    </select>

    <insert id="insertHswJobLog" parameterType="HswJobLog">
        insert into hsw_job_log
        <trim prefix="(" suffix=")" suffixOverrides=",">
            <if test="id != null">id,</if>
            <if test="jobId != null">job_id,</if>
            <if test="jobNo != null and jobNo != ''">job_no,</if>
            <if test="jobStatus != null">job_status,</if>
            <if test="handleStatus != null">handle_status,</if>
            <if test="handleUid != null">handle_uid,</if>
            <if test="handleUname != null and handleUname != ''">handle_uname,</if>
            <if test="handleTime != null">handle_time,</if>
            <if test="handleReason != null">handle_reason,</if>
            <if test="oldReceiverId != null">old_receiver_id,</if>
            <if test="delFlag != null">del_flag,</if>
            <if test="createBy != null">create_by,</if>
            <if test="createTime != null">create_time,</if>
            <if test="updateBy != null">update_by,</if>
            <if test="updateTime != null">update_time,</if>
         </trim>
        <trim prefix="values (" suffix=")" suffixOverrides=",">
            <if test="id != null">#{id},</if>
            <if test="jobId != null">#{jobId},</if>
            <if test="jobNo != null and jobNo != ''">#{jobNo},</if>
            <if test="jobStatus != null">#{jobStatus},</if>
            <if test="handleStatus != null">#{handleStatus},</if>
            <if test="handleUid != null">#{handleUid},</if>
            <if test="handleUname != null and handleUname != ''">#{handleUname},</if>
            <if test="handleTime != null">#{handleTime},</if>
            <if test="handleReason != null">#{handleReason},</if>
            <if test="oldReceiverId != null">#{oldReceiverId},</if>
            <if test="delFlag != null">#{delFlag},</if>
            <if test="createBy != null">#{createBy},</if>
            <if test="createTime != null">#{createTime},</if>
            <if test="updateBy != null">#{updateBy},</if>
            <if test="updateTime != null">#{updateTime},</if>
         </trim>
    </insert>

    <update id="updateHswJobLog" parameterType="HswJobLog">
        update hsw_job_log
        <trim prefix="SET" suffixOverrides=",">
            <if test="jobId != null">job_id = #{jobId},</if>
            <if test="jobNo != null and jobNo != ''">job_no = #{jobNo},</if>
            <if test="jobStatus != null">job_status = #{jobStatus},</if>
            <if test="handleStatus != null">handle_status = #{handleStatus},</if>
            <if test="handleUid != null">handle_uid = #{handleUid},</if>
            <if test="handleUname != null and handleUname != ''">handle_uname = #{handleUname},</if>
            <if test="handleTime != null">handle_time = #{handleTime},</if>
            <if test="handleReason != null">handle_reason = #{handleReason},</if>
            <if test="oldReceiverId != null">old_receiver_id = #{oldReceiverId},</if>
            <if test="delFlag != null">del_flag = #{delFlag},</if>
            <if test="createBy != null">create_by = #{createBy},</if>
            <if test="createTime != null">create_time = #{createTime},</if>
            <if test="updateBy != null">update_by = #{updateBy},</if>
            <if test="updateTime != null">update_time = #{updateTime},</if>
        </trim>
        where id = #{id}
    </update>

    <delete id="deleteHswJobLogById" parameterType="Long">
        delete from hsw_job_log where id = #{id}
    </delete>

    <delete id="deleteHswJobLogByIds" parameterType="String">
        delete from hsw_job_log where id in 
        <foreach item="id" collection="array" open="(" separator="," close=")">
            #{id}
        </foreach>
    </delete>

    <!-- 根据工单id查询工单日子集合 -->
    <select id="selectByJobId" resultType="com.ruoyi.hsw.domain.HswJobLog">
        select
          *
        from
          hsw_job_log
        where
          del_flag = '0'
          and job_id = #{jobId}
    </select>

    <select id="selectCountByOldReceiverIdAndHandleStatus" resultType="int">
        SELECT
            count( id )
        FROM
            hsw_job_log
        WHERE
            del_flag = '0'
            AND old_receiver_id = #{oldReceiverId}
            AND handle_status = #{handleStatus}
            <if test="startDate != null and startDate != '' and endDate != null and endDate != ''">
                AND handle_time <![CDATA[ >= ]]> #{startDate}
                AND handle_time <![CDATA[ <= ]]> #{endDate}
            </if>
    </select>
    
</mapper>