<?xml version="1.0" encoding="UTF-8" ?>
<!DOCTYPE mapper
PUBLIC "-//mybatis.org//DTD Mapper 3.0//EN"
"http://mybatis.org/dtd/mybatis-3-mapper.dtd">
<mapper namespace="com.ruoyi.hsw.mapper.HswJobInfoMapper">

    <resultMap type="HswJobInfo" id="HswJobInfoResult">
        <result property="id"    column="id"    />
        <result property="jobNo"    column="job_no"    />
        <result property="faultId"    column="fault_id"    />
        <result property="faultNo"    column="fault_no"    />
        <result property="sendTime"    column="send_time"    />
        <result property="sendUid"    column="send_uid"    />
        <result property="receiverId"    column="receiver_id"    />
        <result property="receiverTime"    column="receiver_time"    />
        <result property="status"    column="status"    />
        <result property="repairTime"    column="repair_time"    />
        <result property="repairRecord"    column="repair_record"    />
        <result property="remark"    column="remark"    />
        <result property="flagStatus"    column="flag_status"    />
        <result property="hangUpTime"    column="hang_up_time"    />
        <result property="hangUpReason"    column="hang_up_reason"    />
        <result property="resumeTime"    column="resume_time"    />
        <result property="handleStatus"    column="handle_status"    />
        <result property="delFlag"    column="del_flag"    />
        <result property="createBy"    column="create_by"    />
        <result property="createTime"    column="create_time"    />
        <result property="updateBy"    column="update_by"    />
        <result property="updateTime"    column="update_time"    />
        <result property="sendName" column="send_name"/>
        <result property="receiverName" column="receiver_name"/>
        <association property="project"    column="pid" javaType="hswProject" resultMap="hswProjectResult" />
        <association property="maintenanceUnits"    column="maintenance_units_id" javaType="hswMaintenanceUnits" resultMap="hswMaintenanceUnitsResult" />
        <association property="maintenanceTeam"    column="maintenance_team_id" javaType="hswMaintenanceTeam" resultMap="hswMaintenanceTeamResult" />
        <association property="faultInfo"    column="fault_id" javaType="hswFaultInfo" resultMap="hswFaultInfoResult" />
    </resultMap>

    <resultMap id="hswProjectResult" type="hswProject">
        <id     property="id"   column="pid"     />
        <result property="title"    column="project_title"    />
    </resultMap>

    <resultMap id="hswMaintenanceUnitsResult" type="hswMaintenanceUnits">
        <id     property="id"   column="maintenance_units_id"     />
        <result property="name"    column="maintenance_units_name"    />
        <result property="leader"    column="maintenance_units_leader"    />
        <result property="tel"    column="maintenance_units_tel"    />
    </resultMap>

    <resultMap id="hswMaintenanceTeamResult" type="hswMaintenanceTeam">
        <id     property="id"   column="maintenance_team_id"     />
        <result property="name"    column="maintenance_team_name"    />
        <result property="leader"    column="maintenance_team_leader"    />
        <result property="tel"    column="maintenance_team_tel"    />
    </resultMap>

    <resultMap id="hswFaultInfoResult" type="hswFaultInfo" >
        <result property="faultNo"    column="fault_no"    />
        <result property="regionName"    column="fault_region_name"    />
        <result property="ip"    column="fault_ip"    />
        <result property="sn"    column="fault_sn"    />
        <result property="port"    column="fault_port"    />
        <result property="type"    column="fault_type"    />
        <result property="takeTime"    column="fault_take_time"    />
        <result property="pid"    column="fault_pid"    />
        <result property="descr"    column="fault_descr"    />
        <result property="status"    column="fault_status"    />
        <result property="flagStatus"    column="fault_flag_status"    />
        <result property="repairTime"    column="fault_repair_time"    />
        <result property="jobId"    column="fault_job_id"    />
        <result property="jobNo"    column="fault_job_no"    />
        <result property="mtId"    column="fault_mt_id"    />
        <result property="area"    column="fault_area"    />
        <result property="muId"    column="fault_mu_id"    />
        <result property="todayTakeCount"    column="fault_today_take_count"    />
        <result property="divideWorkId"    column="fault_divide_work_id"    />
        <result property="opState"    column="fault_op_state"    />
        <result property="zigzagCount"    column="fault_zigzag_count"    />
        <result property="influenceCameraCount"    column="fault_influence_camera_count"    />
        <result property="zigzagType"    column="fault_zigzag_type"    />
        <result property="zigzagStatus"    column="fault_zigzag_status"    />
        <result property="timeoutLevel"    column="fault_timeout_level"    />
        <result property="startDistance"    column="fault_start_distance"    />
        <result property="endDistance"    column="fault_end_distance"    />
        <result property="timeoutHour"    column="fault_timeout_hour"    />
        <result property="deviceDistance"    column="fault_device_distance"    />
        <result property="sendWorkOrderLimit"    column="fault_send_work_order_limit"    />
        <result property="network"    column="fault_network"    />
    </resultMap>

    <resultMap id="jobTeamStatisticsVoMap" type="com.ruoyi.hsw.domain.vo.JobTeamStatisticsVo">
        <result property="maintenanceUnitsName" column="maintenance_units_name" />
        <result property="maintenanceTeamName" column="maintenance_team_name" />
        <result property="total" column="total" />
        <result property="assignCount" column="assign_count" />
        <result property="finishCount" column="finish_count" />
        <result property="hungCount" column="hung_count" />
        <result property="totalRepairTime" column="total_repair_time" />
        <result property="timeoutCount" column="timeout_count" />
    </resultMap>

    <resultMap id="jobStaffStatisticsVoMap" type="com.ruoyi.hsw.domain.vo.JobStaffStatisticsVo">
        <result property="maintenanceUnitsName" column="maintenance_units_name" />
        <result property="maintenanceTeamName" column="maintenance_team_name" />
        <result property="receiverId" column="receiver_id" />
        <result property="receiverName" column="receiver_name" />
        <result property="total" column="total" />
        <result property="assignCount" column="assign_count" />
        <result property="finishCount" column="finish_count" />
        <result property="totalRepairTime" column="total_repair_time" />
        <result property="timeoutCount" column="timeout_count" />
    </resultMap>

    <sql id="selectHswJobInfoVo">
        select
          j.id, j.job_no, j.fault_id,
          j.fault_no, j.send_time,
          j.send_uid, j.receiver_id,
          j.receiver_time, j.status,
          j.repair_time, j.repair_record,
          j.remark, j.flag_status,
          j.hang_up_time, j.hang_up_reason,
          j.resume_time, j.handle_status,
          j.del_flag, j.create_by,
          j.create_time, j.update_by,
          j.update_time,
          f.fault_no,
          f.region_name as fault_region_name,
          f.ip as fault_ip,
          f.sn as fault_sn, f.port as fault_port,
          f.type as fault_type, f.take_time as fault_take_time,
          f.descr as fault_descr, f.status as fault_status,
          f.flag_status as fault_flag_status,
          f.repair_time as fault_repair_time,
          f.job_id as fault_job_id, f.job_no as fault_job_no,
          f.area as fault_area,
          f.today_take_count as fault_today_take_count,
          f.divide_work_id as fault_divide_work_id,
          f.op_state as fault_op_state,
          f.zigzag_count as fault_zigzag_count,
          f.influence_camera_count as fault_influence_camera_count,
          f.zigzag_type as fault_zigzag_type,
          f.zigzag_status as fault_zigzag_status,
          f.timeout_level as fault_timeout_level,
          f.start_distance as fault_start_distance,
          f.end_distance as fault_end_distance,
          f.timeout_hour as fault_timeout_hour,
          f.device_distance as fault_device_distance,
          f.send_work_order_limit as fault_send_work_order_limit,
          f.network as fault_network,
          f.pid as pid,
          f.mu_id as maintenance_units_id,
          f.mt_id as maintenance_team_id,
          p.title as project_title,
          mu.name as maintenance_units_name,
          mt.name as maintenance_team_name,
          su.nick_name as send_name,
          ru.nick_name as receiver_name
        from
          hsw_job_info j
          left join hsw_fault_info f on f.id = j.fault_id and f.del_flag = '0'
          left join hsw_project p on f.pid = p.id and p.del_flag = '0'
          left join hsw_maintenance_units mu on mu.id = f.mu_id and mu.del_flag = '0'
          left join hsw_maintenance_team mt on mt.id = f.mt_id and mt.del_flag = '0'
          left join sys_user su on su.user_id = j.send_uid and su.del_flag = '0'
          left join sys_user ru on ru.user_id = j.receiver_id and ru.del_flag = '0'
    </sql>

    <select id="selectHswJobInfoList" parameterType="HswJobInfo" resultMap="HswJobInfoResult">
        <include refid="selectHswJobInfoVo"/>
        <where>
            and j.del_flag = '0'
            and j.flag_status = 0
            <if test="takeStartTime != null and takeStartTime != '' and takeEndTime != null and takeEndTime != ''">
                and f.take_time >= #{takeStartTime}
                and f.take_time <![CDATA[ <= ]]> #{takeEndTime}
            </if>
            <if test="ip != null  and ip != ''"> and f.ip = #{ip}</if>
            <if test="(type != null  and type != '') or type == 0"> and f.type = #{type}</if>
            <if test="(status != null  and status != '') or status == 0"> and j.status = #{status}</if>
            <if test="pid != null "> and f.pid = #{pid}</if>
            <if test="province"> and p.province = #{province} </if>
            <if test="city"> and p.city = #{city} </if>
            <if test="district"> and p.district = #{district} </if>
            <if test="cuId != null and cuId != ''"> and p.cu_id = #{cuId} </if>
            <if test="muId != null and muId != ''"> and f.mu_id = #{muId} </if>
            <if test="mtId != null and mtId != ''"> and f.mt_id = #{mtId} </if>
            <if test="receiverId != null and receiverId != ''"> and j.receiver_id = #{receiverId} </if>
        </where>
        order by
            j.id desc
    </select>

    <!-- 查询历史工单列表 -->
    <select id="selectHistoryList" parameterType="HswJobInfo" resultMap="HswJobInfoResult">
        <include refid="selectHswJobInfoVo"/>
        <where>
            and j.del_flag = '0'
            and j.flag_status = 1
            <if test="takeStartTime != null and takeStartTime != '' and takeEndTime != null and takeEndTime != ''">
                and f.take_time >= #{takeStartTime}
                and f.take_time <![CDATA[ <= ]]> #{takeEndTime}
            </if>
            <if test="ip != null  and ip != ''"> and f.ip = #{ip}</if>
            <if test="type != null  and type != ''"> and f.type = #{type}</if>
            <if test="(status != null  and status != '') or status == 0"> and j.status = #{status}</if>
            <if test="pid != null "> and f.pid = #{pid}</if>
            <if test="province"> and p.province = #{province} </if>
            <if test="city"> and p.city = #{city} </if>
            <if test="district"> and p.district = #{district} </if>
            <if test="cuId != null and cuId != ''"> and p.cu_id = #{cuId} </if>
            <if test="muId != null and muId != ''"> and f.mu_id = #{muId} </if>
            <if test="mtId != null and mtId != ''"> and f.mt_id = #{mtId} </if>
            <if test="receiverId != null and receiverId != ''"> and j.receiver_id = #{receiverId} </if>
        </where>
        order by
            j.id desc
    </select>

    <select id="selectHswJobInfoById" parameterType="Long" resultMap="HswJobInfoResult">
        <include refid="selectHswJobInfoVo"/>
        where
          j.id = #{id}
          and j.del_flag = '0'
    </select>

    <insert id="insertHswJobInfo" parameterType="HswJobInfo" useGeneratedKeys="true" keyProperty="id">
        insert into hsw_job_info
        <trim prefix="(" suffix=")" suffixOverrides=",">
            <if test="id != null">id,</if>
            <if test="jobNo != null and jobNo != ''">job_no,</if>
            <if test="faultId != null">fault_id,</if>
            <if test="faultNo != null">fault_no,</if>
            <if test="sendTime != null or sendTime == 0">send_time,</if>
            <if test="sendUid != null">send_uid,</if>
            <if test="receiverId != null">receiver_id,</if>
            <if test="receiverTime != null or receiverTime == 0">receiver_time,</if>
            <if test="status != null or status == 0">status,</if>
            <if test="repairTime != null or repairTime == 0">repair_time,</if>
            <if test="repairRecord != null">repair_record,</if>
            <if test="remark != null">remark,</if>
            <if test="flagStatus != null or flagStatus == 0">flag_status,</if>
            <if test="hangUpTime != null or hangUpTime == 0">hang_up_time,</if>
            <if test="hangUpReason != null">hang_up_reason,</if>
            <if test="resumeTime != null or resumeTime == 0">resume_time,</if>
            <if test="handleStatus != null or handleStatus == 0">handle_status,</if>
            <if test="delFlag != null">del_flag,</if>
            <if test="createBy != null">create_by,</if>
            <if test="createTime != null">create_time,</if>
            <if test="updateBy != null">update_by,</if>
            <if test="updateTime != null">update_time,</if>
         </trim>
        <trim prefix="values (" suffix=")" suffixOverrides=",">
            <if test="id != null">#{id},</if>
            <if test="jobNo != null and jobNo != ''">#{jobNo},</if>
            <if test="faultId != null">#{faultId},</if>
            <if test="faultNo != null">#{faultNo},</if>
            <if test="sendTime != null or sendTime == 0">#{sendTime},</if>
            <if test="sendUid != null">#{sendUid},</if>
            <if test="receiverId != null">#{receiverId},</if>
            <if test="receiverTime != null or receiverTime == 0">#{receiverTime},</if>
            <if test="status != null or status == 0">#{status},</if>
            <if test="repairTime != null or repairTime == 0">#{repairTime},</if>
            <if test="repairRecord != null">#{repairRecord},</if>
            <if test="remark != null">#{remark},</if>
            <if test="flagStatus != null or flagStatus == 0">#{flagStatus},</if>
            <if test="hangUpTime != null or hangUpTime == 0">#{hangUpTime},</if>
            <if test="hangUpReason != null">#{hangUpReason},</if>
            <if test="resumeTime != null or resumeTime == 0">#{resumeTime},</if>
            <if test="handleStatus != null or handleStatus == 0">#{handleStatus},</if>
            <if test="delFlag != null">#{delFlag},</if>
            <if test="createBy != null">#{createBy},</if>
            <if test="createTime != null">#{createTime},</if>
            <if test="updateBy != null">#{updateBy},</if>
            <if test="updateTime != null">#{updateTime},</if>
         </trim>
    </insert>

    <update id="updateHswJobInfo" parameterType="HswJobInfo">
        update hsw_job_info
        <trim prefix="SET" suffixOverrides=",">
            <if test="jobNo != null and jobNo != ''">job_no = #{jobNo},</if>
            <if test="faultId != null">fault_id = #{faultId},</if>
            <if test="faultNo != null">fault_no = #{faultNo},</if>
            <if test="sendTime != null or sendTime == 0">send_time = #{sendTime},</if>
            <if test="sendUid != null">send_uid = #{sendUid},</if>
            <if test="receiverId != null">receiver_id = #{receiverId},</if>
            <if test="receiverTime != null or receiverTime == 0">receiver_time = #{receiverTime},</if>
            <if test="status != null">status = #{status},</if>
            <if test="repairTime != null or repairTime == 0">repair_time = #{repairTime},</if>
            <if test="repairRecord != null">repair_record = #{repairRecord},</if>
            <if test="remark != null">remark = #{remark},</if>
            <if test="flagStatus != null or flagStatus == 0">flag_status = #{flagStatus},</if>
            <if test="hangUpTime != null or hangUpTime == 0">hang_up_time = #{hangUpTime},</if>
            <if test="hangUpReason != null">hang_up_reason = #{hangUpReason},</if>
            <if test="resumeTime != null or resumeTime == 0">resume_time = #{resumeTime},</if>
            <if test="handleStatus != null or handleStatus == 0">handle_status = #{handleStatus},</if>
            <if test="delFlag != null">del_flag = #{delFlag},</if>
            <if test="createBy != null">create_by = #{createBy},</if>
            <if test="createTime != null">create_time = #{createTime},</if>
            <if test="updateBy != null">update_by = #{updateBy},</if>
            <if test="updateTime != null">update_time = #{updateTime},</if>
        </trim>
        where id = #{id}
    </update>

    <update id="deleteHswJobInfoById" parameterType="Long">
        update hsw_job_info set del_flag = '2' where id = #{id}
    </update>

    <update id="deleteHswJobInfoByIds" parameterType="Long">
        update hsw_job_info set del_flag = '2' where id in
        <foreach item="id" collection="array" open="(" separator="," close=")">
            #{id}
        </foreach>
    </update>

    <!-- 根据故障id查询数量 -->
    <select id="selectCountByFaultId" parameterType="Long" resultType="int">
        select
          count(*)
        from
          hsw_job_info
        where
          fault_id = #{faultId}
    </select>

    <select id="selectJobTeamByDivideWorkIdsAndDate" resultMap="jobTeamStatisticsVoMap">
        SELECT
            j.maintenance_team_name,
            j.maintenance_units_name,
            count( j.id ) total,
            sum( CASE WHEN ( j.`status` = 2 OR j.`status` = 3 OR j.`status` = 4 OR j.`status` = 6 ) THEN 1 ELSE 0 END ) assign_count,
            sum( CASE WHEN j.`status` = 3 THEN 1 ELSE 0 END ) finish_count,
            sum( CASE WHEN j.`status` = 4 THEN 1 ELSE 0 END ) hung_count,
            sum( CASE WHEN j.`status` = 3 THEN ( j.repair_time - j.send_time ) ELSE 0 END ) total_repair_time,
            sum( CASE WHEN j.`status` = 3 AND j.repair_time - j.send_time > 259200 THEN 1 ELSE 0 END ) timeout_count
        FROM
            hsw_fault_count_by_job j
        WHERE
            1 = 1

            <if test="divideWorkIds != null and divideWorkIds.length > 0">
                AND
                j.divide_work_id IN
                <foreach  item="divideWorkIds" collection="divideWorkIds" open="(" separator="," close=")">
                    #{divideWorkIds}
                </foreach>
            </if>

            <if test="startDate != null and startDate != '' and endDate != null and endDate != ''">
                AND j.take_time <![CDATA[ >= ]]> #{startDate}
                AND j.take_time <![CDATA[ <= ]]> #{endDate}
            </if>
        GROUP BY
            j.mt_id,
            j.maintenance_team_name,
            j.maintenance_units_name,
            j.mu_id
    </select>

    <!-- 根据维修队和运维单位分组，通过时间范围查询维修队工单统计信息 -->
    <select id="selectJobTeamByDate" resultMap="jobTeamStatisticsVoMap">
        SELECT
        j.maintenance_team_name,
        j.maintenance_units_name,
        count( j.id ) total,
        sum( CASE WHEN ( j.`status` = 2 OR j.`status` = 3 OR j.`status` = 4 OR j.`status` = 6 ) THEN 1 ELSE 0 END ) assign_count,
        sum( CASE WHEN j.`status` = 3 THEN 1 ELSE 0 END ) finish_count,
        sum( CASE WHEN j.`status` = 4 THEN 1 ELSE 0 END ) hung_count,
        sum( CASE WHEN j.`status` = 3 THEN ( j.repair_time - j.send_time ) ELSE 0 END ) total_repair_time,
        sum( CASE WHEN j.`status` = 3 AND j.repair_time - j.send_time > 259200 THEN 1 ELSE 0 END ) timeout_count
        FROM
        hsw_fault_count_by_job j
        WHERE
        1 = 1
        <if test="pid != null">
            and j.pid = #{pid}
        </if>
        <if test="startDate != null and startDate != '' and endDate != null and endDate != ''">
            AND j.take_time <![CDATA[ >= ]]> #{startDate}
            AND j.take_time <![CDATA[ <= ]]> #{endDate}
        </if>
        GROUP BY
        j.mt_id,
        j.maintenance_team_name,
        j.maintenance_units_name,
        j.mu_id
    </select>

    <select id="selectJobStaffByDivideWorkIdsAndDate" resultMap="jobStaffStatisticsVoMap">
        SELECT
            j.maintenance_team_name,
            j.maintenance_units_name,
            j.receiver_name,
            count( j.id ) total,
            j.receiver_id,
            sum(
        CASE

            WHEN ( j.`status` = 2 OR j.`status` = 3 OR j.`status` = 4 OR j.`status` = 6 ) THEN
            1 ELSE 0
        END
            ) assignCount,
            sum( CASE WHEN j.`status` = 3 THEN 1 ELSE 0 END ) finishCount,
            sum( CASE WHEN j.`status` = 3 THEN ( j.repair_time - j.send_time ) ELSE 0 END ) totalRepair_time,
            sum( CASE WHEN j.`status` = 3 AND j.repair_time - j.send_time > 259200 THEN 1 ELSE 0 END ) timeoutCount
        FROM
            hsw_fault_count_by_job j
        WHERE
            j.receiver_name IS NOT NULL

            <if test="divideWorkIds != null and divideWorkIds.length > 0">
                AND
                j.divide_work_id IN
                <foreach  item="divideWorkIds" collection="divideWorkIds" open="(" separator="," close=")">
                    #{divideWorkIds}
                </foreach>
            </if>

            <if test="startDate != null and startDate != '' and endDate != null and endDate != ''">
                AND j.take_time <![CDATA[ >= ]]> #{startDate}
                AND j.take_time <![CDATA[ <= ]]> #{endDate}
            </if>
        GROUP BY
            j.mt_id,
            j.maintenance_team_name,
            j.maintenance_units_name,
            j.mu_id,
            j.receiver_name,
            j.receiver_id
    </select>

    <!-- 根据维修队和运维单位和维修员工分组，通过时间范围查询维修队员工工单统计信息 -->
    <select id="selectJobStaffByDate" resultMap="jobStaffStatisticsVoMap">
        SELECT
            j.maintenance_team_name,
            j.maintenance_units_name,
            j.receiver_name,
            count( j.id ) total,
            j.receiver_id,
            sum(
            CASE

            WHEN ( j.`status` = 2 OR j.`status` = 3 OR j.`status` = 4 OR j.`status` = 6 ) THEN
            1 ELSE 0
            END
            ) assignCount,
            sum( CASE WHEN j.`status` = 3 THEN 1 ELSE 0 END ) finishCount,
            sum( CASE WHEN j.`status` = 3 THEN ( j.repair_time - j.send_time ) ELSE 0 END ) totalRepair_time,
            sum( CASE WHEN j.`status` = 3 AND j.repair_time - j.send_time > 259200 THEN 1 ELSE 0 END ) timeoutCount
        FROM
            hsw_fault_count_by_job j
        WHERE
            j.receiver_name IS NOT NULL
        <if test="pid != null">
            and j.pid = #{pid}
        </if>
        <if test="startDate != null and startDate != '' and endDate != null and endDate != ''">
            AND j.take_time <![CDATA[ >= ]]> #{startDate}
            AND j.take_time <![CDATA[ <= ]]> #{endDate}
        </if>
        GROUP BY
            j.mt_id,
            j.maintenance_team_name,
            j.maintenance_units_name,
            j.mu_id,
            j.receiver_name,
            j.receiver_id
    </select>

    <resultMap type="JobViewDto" id="JobViewResult">
        <result property="id"    column="id"    />
        <result property="jobNo"    column="job_no"    />
        <result property="faultId"    column="fault_id"    />
        <result property="faultNo"    column="fault_no"    />
        <result property="createTime"    column="create_time"    />
        <result property="sendTime"    column="send_time"    />
        <result property="sendUid"    column="send_uid"    />
        <result property="receiverId"    column="receiver_id"    />
        <result property="receiverTime"    column="receiver_time"    />
        <result property="status"    column="STATUS"    />
        <result property="repairTime"    column="repair_time"    />
        <result property="repairRecord"    column="repair_record"    />
        <result property="remark"    column="remark"    />
        <result property="flagStatus"    column="flag_status"    />
        <result property="regionName"    column="region_name"    />
        <result property="ip"    column="ip"    />
        <result property="port"    column="PORT"    />
        <result property="takeTime"    column="take_time"    />
        <result property="mtId"    column="mt_id"    />
        <result property="area"    column="area"    />
        <result property="province"    column="province"    />
        <result property="city"    column="city"    />
        <result property="district"    column="district"    />
        <result property="type"    column="type"    />
        <result property="muId"    column="mu_id"    />
        <result property="projectTitle"    column="project_title"    />
        <result property="cuId"    column="cu_id"    />
        <result property="hangUpTime"    column="hang_up_time"    />
        <result property="hangUpReason"    column="hang_up_reason"    />
        <result property="maintenanceUnitsName"    column="maintenance_units_name"    />
        <result property="resumeTime"    column="resume_time"    />
        <result property="handleStatus"    column="handle_status"    />
        <result property="zigzagStatus"    column="zigzag_status"    />
        <result property="zigzagType"    column="zigzag_type"    />
        <result property="influenceCameraCount"    column="influence_camera_count"    />
        <result property="zigzagCount"    column="zigzag_count"    />
        <result property="divideWorkId"    column="divide_work_id"    />
        <result property="todayTakeCount"    column="today_take_count"    />
        <result property="pid"    column="pid"    />
        <result property="datestr"    column="datestr"    />
        <result property="monthstr"    column="monthstr"    />
        <result property="maintenanceTeamName"    column="maintenance_team_name"    />
        <result property="timeoutLevel"    column="timeout_level"    />
        <result property="startDistance"    column="start_distance"    />
        <result property="endDistance"    column="end_distance"    />
        <result property="sendWorkOrderLimit"    column="send_work_order_limit"    />
        <result property="deviceDistance"    column="device_distance"    />
        <result property="timeoutHour"    column="timeout_hour"    />
        <result property="repairTimeCount"    column="repair_time_count"    />
        <result property="sendTimeCount"    column="send_time_count"    />
        <result property="network"    column="network"    />
    </resultMap>

    <sql id="selectJobViewVo">
        select id, job_no, fault_id, fault_no, create_time, send_time, send_uid, receiver_id, receiver_time, STATUS, repair_time, repair_record, remark, flag_status, region_name, ip, PORT, take_time, mt_id, area, province, city, district, type, mu_id, project_title, cu_id, hang_up_time, hang_up_reason, maintenance_units_name, resume_time, handle_status, zigzag_status, zigzag_type, influence_camera_count, zigzag_count, divide_work_id, today_take_count, pid, datestr, monthstr, maintenance_team_name, timeout_level, start_distance, end_distance, send_work_order_limit, device_distance, timeout_hour, repair_time_count, send_time_count, network from hsw_job_view
    </sql>

    <select id="selectJobViewList" parameterType="JobViewDto" resultMap="JobViewResult">
        <include refid="selectJobViewVo"/>
        <where>
            <if test="jobNo != null  and jobNo != ''"> and job_no = #{jobNo}</if>
            <if test="faultId != null "> and fault_id = #{faultId}</if>
            <if test="faultNo != null  and faultNo != ''"> and fault_no = #{faultNo}</if>
            <if test="sendTime != null "> and send_time = #{sendTime}</if>
            <if test="sendUid != null "> and send_uid = #{sendUid}</if>
            <if test="receiverId != null "> and receiver_id = #{receiverId}</if>
            <if test="receiverTime != null "> and receiver_time = #{receiverTime}</if>
            <if test="status != null or status == 0"> and STATUS = #{status}</if>
            <if test="repairTime != null "> and repair_time = #{repairTime}</if>
            <if test="repairRecord != null  and repairRecord != ''"> and repair_record = #{repairRecord}</if>
            <if test="flagStatus != null or flagStatus == 0"> and flag_status = #{flagStatus}</if>
            <if test="regionName != null  and regionName != ''"> and region_name like concat('%', #{regionName}, '%')</if>
            <if test="ip != null  and ip != ''"> and ip = #{ip}</if>
            <if test="port != null "> and PORT = #{port}</if>
            <if test="takeTime != null "> and take_time = #{takeTime}</if>
            <if test="mtId != null "> and mt_id = #{mtId}</if>
            <if test="area != null  and area != ''"> and area = #{area}</if>
            <if test="province != null "> and province = #{province}</if>
            <if test="city != null "> and city = #{city}</if>
            <if test="district != null "> and district = #{district}</if>
            <if test="type != null  and type != ''"> and type = #{type}</if>
            <if test="muId != null "> and mu_id = #{muId}</if>
            <if test="projectTitle != null  and projectTitle != ''"> and project_title = #{projectTitle}</if>
            <if test="cuId != null "> and cu_id = #{cuId}</if>
            <if test="hangUpTime != null "> and hang_up_time = #{hangUpTime}</if>
            <if test="hangUpReason != null  and hangUpReason != ''"> and hang_up_reason = #{hangUpReason}</if>
            <if test="maintenanceUnitsName != null  and maintenanceUnitsName != ''"> and maintenance_units_name like concat('%', #{maintenanceUnitsName}, '%')</if>
            <if test="resumeTime != null "> and resume_time = #{resumeTime}</if>
            <if test="handleStatus != null or handleStatus == 0"> and handle_status = #{handleStatus}</if>
            <if test="zigzagStatus != null or zigzagStatus == 0"> and zigzag_status = #{zigzagStatus}</if>
            <if test="zigzagType != null "> and zigzag_type = #{zigzagType}</if>
            <if test="influenceCameraCount != null "> and influence_camera_count = #{influenceCameraCount}</if>
            <if test="zigzagCount != null "> and zigzag_count = #{zigzagCount}</if>
            <if test="divideWorkId != null "> and divide_work_id = #{divideWorkId}</if>
            <if test="todayTakeCount != null "> and today_take_count = #{todayTakeCount}</if>
            <if test="pid != null "> and pid = #{pid}</if>
            <if test="datestr != null  and datestr != ''"> and datestr = #{datestr}</if>
            <if test="monthstr != null  and monthstr != ''"> and monthstr = #{monthstr}</if>
            <if test="maintenanceTeamName != null  and maintenanceTeamName != ''"> and maintenance_team_name like concat('%', #{maintenanceTeamName}, '%')</if>
            <if test="timeoutLevel != null "> and timeout_level = #{timeoutLevel}</if>
            <if test="startDistance != null "> and start_distance = #{startDistance}</if>
            <if test="endDistance != null "> and end_distance = #{endDistance}</if>
            <if test="sendWorkOrderLimit != null "> and send_work_order_limit = #{sendWorkOrderLimit}</if>
            <if test="deviceDistance != null "> and device_distance = #{deviceDistance}</if>
            <if test="timeoutHour != null "> and timeout_hour = #{timeoutHour}</if>
            <if test="repairTimeCount != null "> and repair_time_count = #{repairTimeCount}</if>
            <if test="sendTimeCount != null "> and send_time_count = #{sendTimeCount}</if>
            <if test="network != null  and network != ''"> and network = #{network}</if>
            <if test="fuzzy != null  and fuzzy != ''">
                and (ip like concat('%', #{fuzzy}, '%') or region_name like concat('%', #{fuzzy}, '%') )
            </if>
            <if test="endtime != null  and endtime != ''">
                and take_time <![CDATA[ <= ]]> #{endtime}
            </if>
            <if test="starttime != null  and starttime != ''">
                and take_time <![CDATA[ >= ]]> #{starttime}
            </if>
        </where>
        order by
            id desc
    </select>

    <select id="selectJobViewById" parameterType="Long" resultMap="JobViewResult">
        <include refid="selectJobViewVo"/>
        where id = #{id}
    </select>

    <!--  统计工单数量  -->
    <select id="selectJobViewCount" parameterType="com.ruoyi.hsw.dto.JobViewDto" resultType="int">
        SELECT
            count( id ) AS jobCount
        FROM
            hsw_job_view
        WHERE
            flag_status =0

            <if test="pids != null and pids.length > 0">
                AND
                pid IN
                <foreach  item="pid" collection="pids" open="(" separator="," close=")">
                    #{pid}
                </foreach>
            </if>

            <if test="cuId != null"> and cu_id = #{cuId}</if>

            <if test="muId != null"> and mu_id = #{muId}</if>

            <if test="mtId != null"> and mt_id = #{mtId}</if>

            <if test="receiverId != null"> and receiver_id = #{receiverId}</if>
    </select>

    <!-- 查询活动工单列表 -->
    <select id="selectHswJobInfoListByIp" resultMap="HswJobInfoResult">
        <include refid="selectHswJobInfoVo"/>
        where
            j.del_flag = '0'
            and j.flag_status = 0
            and f.ip = #{ip}
        order by
            j.create_time
    </select>
</mapper>
