<?xml version="1.0" encoding="UTF-8" ?>
<!DOCTYPE mapper
PUBLIC "-//mybatis.org//DTD Mapper 3.0//EN"
"http://mybatis.org/dtd/mybatis-3-mapper.dtd">
<mapper namespace="com.ruoyi.hsw.mapper.HswMaintenanceTeamMapper">

    <resultMap type="HswMaintenanceTeam" id="HswMaintenanceTeamResult">
        <result property="id"    column="id"    />
        <result property="name"    column="name"    />
        <result property="leader"    column="leader"    />
        <result property="tel"    column="tel"    />
        <result property="muId"    column="mu_id"    />
        <result property="delFlag"    column="del_flag"    />
        <result property="createBy"    column="create_by"    />
        <result property="createTime"    column="create_time"    />
        <result property="updateBy"    column="update_by"    />
        <result property="updateTime"    column="update_time"    />
        <association property="hswMaintenanceUnits"    column="mu_id" javaType="HswMaintenanceUnits" resultMap="hswMaintenanceUnitsResult" />
    </resultMap>

    <resultMap id="hswMaintenanceUnitsResult" type="HswMaintenanceUnits">
        <id property="id"    column="units_id"    />
        <result property="name"    column="units_name"    />
        <result property="leader"    column="units_leader"    />
        <result property="tel"    column="units_tel"    />
        <result property="address"    column="units_address"    />
    </resultMap>

    <sql id="selectHswMaintenanceTeamVo">
        SELECT
            t.id,
            t.`name`,
            t.leader,
            t.tel,
            t.mu_id,
            t.del_flag,
            t.create_by,
            t.create_time,
            t.update_by,
            t.update_time,
            u.id as units_id,
            u.`name` AS units_name,
            u.leader AS units_leader,
            u.tel AS units_tel,
            u.address AS units_address
        FROM
            hsw_maintenance_team t
            LEFT JOIN hsw_maintenance_units u ON t.mu_id = u.id
    </sql>

    <select id="selectHswMaintenanceTeamCountByMuId" parameterType="Long" resultType="Integer">
        SELECT
            count(*)
        FROM
            hsw_maintenance_team t
        where t.id = #{muId}
        and t.del_flag = '0'
    </select>

    <select id="selectHswMaintenanceTeamList" parameterType="HswMaintenanceTeam" resultMap="HswMaintenanceTeamResult">
        <include refid="selectHswMaintenanceTeamVo"/>
        <where>
            and t.del_flag = '0'
            <if test="name != null  and name != ''"> and t.name like concat('%', #{name}, '%')</if>
            <if test="leader != null  and leader != ''"> and t.leader = #{leader}</if>
            <if test="tel != null  and tel != ''"> and t.tel = #{tel}</if>
            <if test="muId != null "> and t.mu_id = #{muId}</if>
        </where>
        order by
            t.id desc
    </select>

    <select id="selectHswMaintenanceTeamById" parameterType="Long" resultMap="HswMaintenanceTeamResult">
        <include refid="selectHswMaintenanceTeamVo"/>
        where t.id = #{id}
        and t.del_flag = '0'
    </select>

    <insert id="insertHswMaintenanceTeam" parameterType="HswMaintenanceTeam">
        insert into hsw_maintenance_team
        <trim prefix="(" suffix=")" suffixOverrides=",">
            <if test="id != null">id,</if>
            <if test="name != null">name,</if>
            <if test="leader != null and leader != ''">leader,</if>
            <if test="tel != null and tel != ''">tel,</if>
            <if test="muId != null">mu_id,</if>
            <if test="delFlag != null">del_flag,</if>
            <if test="createBy != null">create_by,</if>
            <if test="createTime != null">create_time,</if>
            <if test="updateBy != null">update_by,</if>
            <if test="updateTime != null">update_time,</if>
         </trim>
        <trim prefix="values (" suffix=")" suffixOverrides=",">
            <if test="id != null">#{id},</if>
            <if test="name != null">#{name},</if>
            <if test="leader != null and leader != ''">#{leader},</if>
            <if test="tel != null and tel != ''">#{tel},</if>
            <if test="muId != null">#{muId},</if>
            <if test="delFlag != null">#{delFlag},</if>
            <if test="createBy != null">#{createBy},</if>
            <if test="createTime != null">#{createTime},</if>
            <if test="updateBy != null">#{updateBy},</if>
            <if test="updateTime != null">#{updateTime},</if>
         </trim>
    </insert>

    <update id="updateHswMaintenanceTeam" parameterType="HswMaintenanceTeam">
        update hsw_maintenance_team
        <trim prefix="SET" suffixOverrides=",">
            <if test="name != null">name = #{name},</if>
            <if test="leader != null and leader != ''">leader = #{leader},</if>
            <if test="tel != null and tel != ''">tel = #{tel},</if>
            <if test="muId != null">mu_id = #{muId},</if>
            <if test="delFlag != null">del_flag = #{delFlag},</if>
            <if test="createBy != null">create_by = #{createBy},</if>
            <if test="createTime != null">create_time = #{createTime},</if>
            <if test="updateBy != null">update_by = #{updateBy},</if>
            <if test="updateTime != null">update_time = #{updateTime},</if>
        </trim>
        where id = #{id}
    </update>

    <update id="deleteHswMaintenanceTeamById" parameterType="Long">
        update hsw_maintenance_team set del_flag = '2' where id = #{id}
    </update>

    <update id="deleteHswMaintenanceTeamByIds" parameterType="String">
        update hsw_maintenance_team set del_flag = '2' where id in
        <foreach item="id" collection="array" open="(" separator="," close=")">
            #{id}
        </foreach>
    </update>

    <!-- 运维队分析-人工修复 -->
    <select id="mtAnalysis1" resultType="com.ruoyi.hsw.dto.MuAnalysisDto">
        select
            pid,
            project_title,
            mu_id,
            maintenance_units_name,
            mt_id,
            maintenance_team_name,
            sum(case when `status`=3 then 1 else 0 END)totalOrder,
            sum(case when `status`=3 then (repair_time-send_time) else 0 end) total_repair_time,
            sum(case when `status`=3 and (repair_time-send_time>timeout_hour*3600) then 1 else 0 end) repair_timeout_Count,
            sum(case when (status=3 ) then (send_time-take_time) else 0 end) total_send_time,
            sum(case when (status=3 ) and (send_time-take_time>send_work_order_limit*3600) then 1 else 0 end) send_timeout_Count
        from
            hsw_job_view
        where
            `status`=3
            and flag_status=1
        <if test="vo.startTime != null and vo.startTime != '' and vo.endTime != null and vo.endTime != ''">
            and take_time >= #{vo.startTime}
            and take_time <![CDATA[ <= ]]> #{vo.startTime}
        </if>
        <if test="vo.pid != null and vo.pid != ''">
            and pid = #{vo.pid}
        </if>
        <if test="vo.muId and vo.muId != ''">
            and mu_id = #{vo.muId}
        </if>
        <if test="vo.mtId and vo.mtId != ''">
            and mt_id = #{vo.mtId}
        </if>
        <if test="vo.timeoutLevel and vo.timeoutLevel != ''">
            and timeout_level= = #{vo.timeoutLevel}
        </if>
        <if test="vo.pIds != null and vo.pIds.size() > 0">
            and pid in
            <foreach collection="vo.pIds" item="pid" separator="," open="(" close=")">
                #{pid}
            </foreach>
        </if>
        GROUP BY
            pid,
            mu_id,
            mt_id;
    </select>

    <!-- 运维队分析-自动修复 -->
    <select id="mtAnalysis2" resultType="com.ruoyi.hsw.dto.MuAnalysisDto">
        select
            mu_id,
            maintenance_units_name,
            count(id)totalFault,
            pid,
            project_title,
            mt_id,
            maintenance_team_name,
            sum(case when `status`=5 then 1 else 0 END)autoRepairCount,
            sum(case when `status`=5 then (repair_time-take_time) else 0 end) total_auto_repair_time
        from
            hsw_fault_view
        where
            1=1
        <if test="vo.startTime != null and vo.startTime != '' and vo.endTime != null and vo.endTime != ''">
            and take_time >= #{vo.startTime}
            and take_time <![CDATA[ <= ]]> #{vo.startTime}
        </if>
        <if test="vo.pid != null and vo.pid != ''">
            and pid = #{vo.pid}
        </if>
        <if test="vo.muId and vo.muId != ''">
            and mu_id = #{vo.muId}
        </if>
        <if test="vo.mtId and vo.mtId != ''">
            and mt_id = #{vo.mtId}
        </if>
        <if test="vo.pIds != null and vo.pIds.size() > 0">
            and pid in
            <foreach collection="vo.pIds" item="pid" separator="," open="(" close=")">
                #{pid}
            </foreach>
        </if>
        GROUP BY
            mu_id,
            pid,
            mt_id;
    </select>

    <!-- 运维队分析-未派单 -->
    <select id="mtAnalysis3" resultType="com.ruoyi.hsw.dto.MuAnalysisDto">
        select
            mu_id,
            maintenance_units_name,
            count(id)nosend,
            pid,
            project_title,
            mt_id,
            maintenance_team_name,
            sum(case when (now()-take_time)>send_work_order_limit*3600 then 1 else 0 end) send_timeout_count
        from
            hsw_fault_view
        where
            `status`= 0
        <if test="vo.pid != null and vo.pid != ''">
            and pid = #{vo.pid}
        </if>
        <if test="vo.muId and vo.muId != ''">
            and mu_id = #{vo.muId}
        </if>
        <if test="vo.mtId and vo.mtId != ''">
            and mt_id = #{vo.mtId}
        </if>
        <if test="vo.pIds != null and vo.pIds.size() > 0">
            and pid in
            <foreach collection="vo.pIds" item="pid" separator="," open="(" close=")">
                #{pid}
            </foreach>
        </if>
        GROUP BY
            mu_id,
            pid,
            mt_id;
    </select>

    <!-- 运维队分析-维修中 -->
    <select id="mtAnalysis4" resultType="com.ruoyi.hsw.dto.MuAnalysisDto">
        select
            pid,
            project_title,
            mu_id,
            maintenance_units_name,
            count(id)totalOrder,
            mt_id,
            maintenance_team_name,
            sum(case when now()-take_time>send_work_order_limit*3600 then 1 else 0 end) repaire_timeout_Count
        from
            hsw_job_view
        where
            `status`=2
        <if test="vo.pid != null and vo.pid != ''">
            and pid = #{vo.pid}
        </if>
        <if test="vo.muId and vo.muId != ''">
            and mu_id = #{vo.muId}
        </if>
        <if test="vo.mtId and vo.mtId != ''">
            and mt_id = #{vo.mtId}
        </if>
        <if test="vo.timeoutLevel and vo.timeoutLevel != ''">
            and timeout_level= = #{vo.timeoutLevel}
        </if>
        <if test="vo.pIds != null and vo.pIds.size() > 0">
            and pid in
            <foreach collection="vo.pIds" item="pid" separator="," open="(" close=")">
                #{pid}
            </foreach>
        </if>
        GROUP BY
            pid,
            mu_id,
            mt_id;
    </select>

    <!-- 运维队长分析-人工修复 -->
    <select id="mtlAnalysis1" resultType="com.ruoyi.hsw.dto.MuAnalysisDto">
        select
            u.user_id,
            u.real_name,
            mu.name as maintenanceUnitsName,
            mt.name as maintenanceTeamName,
            ifnull( a.totalRepairOrder, 0 ),
            ifnull( a.total_repair_time, 0 ),
            ifnull( a.repair_timeout_Count, 0 ),
            ifnull( b.totalSendOrder, 0 ),
            ifnull( b.total_send_time, 0 ),
            ifnull( b.send_timeout_Count, 0 )
        from
            sys_user u
            left join hsw_maintenance_units mu on u.maintenance_units_id = mu.id
            left join hsw_maintenance_team mt on u.teamid = mt.id
            left join (
                        select
                            receiver_id,
                            sum(case when `status`=3 then 1 else 0 END)totalRepairOrder,
                            sum(case when `status`=3 then (repair_time-send_time) else 0 end) total_repair_time,
                            sum(case when `status`=3 and (repair_time-send_time>timeout_hour*3600) then 1 else 0 end) repair_timeout_Count
                        from
                            hsw_job_view
                        where
                            `status`=3
                            and flag_status=1
                        <if test="vo.startTime != null and vo.startTime != '' and vo.endTime != null and vo.endTime != ''">
                            and take_time >= #{vo.startTime}
                            and take_time <![CDATA[ <= ]]> #{vo.startTime}
                        </if>
                        <if test="vo.pid != null and vo.pid != ''">
                            and pid = #{vo.pid}
                        </if>
                        <if test="vo.muId and vo.muId != ''">
                            and mu_id = #{vo.muId}
                        </if>
                        <if test="vo.mtId and vo.mtId != ''">
                            and mt_id = #{vo.mtId}
                        </if>
                        <if test="vo.timeoutLevel and vo.timeoutLevel != ''">
                            and timeout_level= = #{vo.timeoutLevel}
                        </if>
                        <if test="vo.pIds != null and vo.pIds.size() > 0">
                            and pid in
                            <foreach collection="vo.pIds" item="pid" separator="," open="(" close=")">
                                #{pid}
                            </foreach>
                        </if>
                        GROUP BY
                            receiver_id
                        ) a on u.user_id = a.receiver_id
            left join (
                        select
                            send_uid,
                            mu_id,
                            mt_id,
                            sum(case when `status`=3 then 1 else 0 END)totalSendOrder,
                            sum(case when status=3 then (send_time-take_time) else 0 end) total_send_time,
                            sum(case when status=3 and (send_time-take_time>send_work_order_limit*3600) then 1 else 0 end) send_timeout_Count
                        from
                            hsw_job_view
                        where
                            `status`=3
                            and flag_status=1
                        <if test="vo.startTime != null and vo.startTime != '' and vo.endTime != null and vo.endTime != ''">
                            and take_time >= #{vo.startTime}
                            and take_time <![CDATA[ <= ]]> #{vo.startTime}
                        </if>
                        <if test="vo.pid != null and vo.pid != ''">
                            and pid = #{vo.pid}
                        </if>
                        <if test="vo.muId and vo.muId != ''">
                            and mu_id = #{vo.muId}
                        </if>
                        <if test="vo.mtId and vo.mtId != ''">
                            and mt_id = #{vo.mtId}
                        </if>
                        <if test="vo.timeoutLevel and vo.timeoutLevel != ''">
                            and timeout_level= = #{vo.timeoutLevel}
                        </if>
                        <if test="vo.pIds != null and vo.pIds.size() > 0">
                            and pid in
                            <foreach collection="vo.pIds" item="pid" separator="," open="(" close=")">
                                #{pid}
                            </foreach>
                        </if>
                        GROUP BY
                            send_uid,
                            mu_id,
                            mt_id
                        ) b on u.user_id = b.send_uid

        WHERE
            u.user_id in (
                      select
                          g.user_id
                      from
                          sys_user_role g
                      where
                          g.role_id = 6
                        <if test="vo.userIds != null and vo.userIds.size() > 0">
                            and user_id in
                            <foreach collection="vo.userIds" item="userIds" separator="," open="(" close=")">
                                #{user_id}
                            </foreach>
                        </if>
                      )
        <if test="vo.muId and vo.muId != ''">
            and u.maintenance_units_id = #{vo.muId}
        </if>
        <if test="vo.mtId and vo.mtId != ''">
            and u.teamid = #{vo.mtId}
        </if>
    </select>

    <!-- 运维队长分析-未派单 -->
    <select id="mtlAnalysis3" resultType="com.ruoyi.hsw.dto.MuAnalysisDto">
        SELECT DISTINCT
            dw.at_id,
            dw.mu_id,
            mu.name as maintenance_units_name,
            mt.name as maintenance_team_name,
            a.name,
            ifnull( b.nosend, 0 ),
            ifnull( b.send_timeout_count, 0 )
        FROM
            hsw_divide_work dw
            left join hsw_maintenance_units mu on dw.mu_id = mu.id
            left join hsw_maintenance_team mt on dw.at_id = mt.id
            left join (
                                select
                                        u.teamid,
                                        u.real_name
                                from
                                        sys_user u
                                WHERE
                                        u.user_id in (
                                                    select
                                                        g.user_id
                                                    from
                                                        sys_user_role g
                                                    where
                                                        g.role_id = 6
                                                    <if test="vo.userIds != null and vo.userIds.size() > 0">
                                                        and user_id in
                                                        <foreach collection="vo.userIds" item="userIds" separator="," open="(" close=")">
                                                            #{user_id}
                                                        </foreach>
                                                    </if>
                                                    )
                                    <if test="vo.muId and vo.muId != ''">
                                        and u.maintenance_units_id = #{vo.muId}
                                    </if>
                                    <if test="vo.mtId and vo.mtId != ''">
                                        and u.teamid = #{vo.mtId}
                                    </if>
                                ) a on dw.at_id = a.teamid
            left join (
                    select
                        mu_id,
                        count(id)nosend,
                        mt_id,
                        sum(case when (now()-take_time)>send_work_order_limit*3600 then 1 else 0 end) send_timeout_count
                    from
                        hsw_fault_view
                    where
                        status = 0
                    <if test="vo.pid != null and vo.pid != ''">
                        and pid = #{vo.pid}
                    </if>
                    <if test="vo.muId and vo.muId != ''">
                        and mu_id = #{vo.muId}
                    </if>
                    <if test="vo.mtId and vo.mtId != ''">
                        and mt_id = #{vo.mtId}
                    </if>
                    <if test="vo.pIds != null and vo.pIds.size() > 0">
                        and pid in
                        <foreach collection="vo.pIds" item="pid" separator="," open="(" close=")">
                            #{pid}
                        </foreach>
                    </if>
                    GROUP BY
                        mu_id,
                        mt_id
                    ) b on dw.mu_id = b.mu_id and dw.at_id = b.mt_id
        where
          1=1
        <if test="vo.pid != null and vo.pid != ''">
            and dw.pid = #{vo.pid}
        </if>
        <if test="vo.muId and vo.muId != ''">
            and dw.mu_id = #{vo.muId}
        </if>
        <if test="vo.mtId and vo.mtId != ''">
            and dw.at_id = #{vo.mtId}
        </if>
        <if test="vo.pIds != null and vo.pIds.size() > 0">
            and dw.pid in
            <foreach collection="vo.pIds" item="pid" separator="," open="(" close=")">
                #{pid}
            </foreach>
        </if>
    </select>

    <!-- 运维队长分析-维修中 -->
    <select id="mtlAnalysis4" resultType="com.ruoyi.hsw.dto.MuAnalysisDto">
        SELECT
            u.user_id,
            u.real_name,
            mu.name as maintenance_units_name,
            mt.name as maintenance_team_name,
            ifnull( a.totalOrder, 0 ),
            ifnull( a.repaire_timeout_Count, 0 ),
        FROM
            sys_user u
            left join sys_maintenance_units mu on u.maintenance_units_id = mu.id
            left join sys_maintenance_team mt on u.teamid = mt.id
            left join (
                        select
                            pid,
                            mu_id,
                            count(id)totalOrder,
                            mt_id,
                            sum(case when now()-take_time>send_work_order_limit*3600 then 1 else 0 end) repaire_timeout_Count
                        from
                            hsw_job_view
                        where
                            `status`=2
                        GROUP BY
                            pid,
                            mu_id,
                            mt_id
                        ) a on u.maintenance_units_id = a.mu_id and u.teamid = a.mt_id
        WHERE
            u.user_id in(
                    select
                            g.user_id
                    from
                            sys_user_role g
                    where
                            g.roler_id = 6
                    )
        <if test="vo.muId and vo.muId != ''">
            and u.maintenance_units_id = #{vo.muId}
        </if>
        <if test="vo.mtId and vo.mtId != ''">
            and u.teamid = #{vo.mtId}
        </if>
    </select>

    <!-- 运维员分析-人工修复 -->
    <select id="mtManAnalysis1" resultType="com.ruoyi.hsw.dto.MuAnalysisDto">
        select
            a.*,
            u.realName
        FROM
            (select
                jv.mu_id,
                jv.mt_id,
                jv.receiver_id as user_id,
                jv.maintenance_units_name,
                jv.maintenance_team_name,
                sum(case when jv.`status`=3 then 1 else 0 END)totalOrder,
                sum(case when jv.`status`=3 then (jv.repair_time-jv.send_time) else 0 end) total_repair_time,
                sum(case when jv.`status`=3 and (jv.repair_time-jv.send_time>jv.timeout_hour*3600) then 1 else 0 end) repair_timeout_Count,
                sum(case when (jv.status=3 ) then (jv.send_time-jv.take_time) else 0 end) total_send_time,
                sum(case when (jv.status=3 ) and (jv.send_time-jv.take_time>jv.send_work_order_limit*3600) then 1 else 0 end) send_timeout_Count
            from
              hsw_job_view jv
            where
                jv.`status`=3
                and jv.flag_status=1
            <if test="vo.startTime != null and vo.startTime != '' and vo.endTime != null and vo.endTime != ''">
                and jv.take_time >= #{vo.startTime}
                and jv.take_time <![CDATA[ <= ]]> #{vo.startTime}
            </if>
            <if test="vo.pid != null and vo.pid != ''">
                and jv.pid = #{vo.pid}
            </if>
            <if test="vo.muId and vo.muId != ''">
                and jv.mu_id = #{vo.muId}
            </if>
            <if test="vo.mtId and vo.mtId != ''">
                and jv.mt_id = #{vo.mtId}
            </if>
            <if test="vo.timeoutLevel and vo.timeoutLevel != ''">
                and jv.timeout_level= = #{vo.timeoutLevel}
            </if>
            <if test="vo.userId and vo.userId != ''">
                and jv.receiver_id= = #{vo.userId}
            </if>
            <if test="vo.pIds != null and vo.pIds.size() > 0">
                and jv.pid in
                <foreach collection="vo.pIds" item="pid" separator="," open="(" close=")">
                    #{pid}
                </foreach>
            </if>
            <if test="vo.muIds != null and vo.muIds.size() > 0">
                and jv.mu_id in
                <foreach collection="vo.muIds" item="muId" separator="," open="(" close=")">
                    #{muId}
                </foreach>
            </if>
            GROUP BY
                jv.mu_id,
                jv.mt_id,
                jv.receiver_id,
                jv.maintenance_units_name,
                jv.maintenance_team_name) a
            left join sys_user u on a.user_id = u.user_id
    </select>

    <!-- 运维员分析-维修中 -->
    <select id="mtManAnalysis4" resultType="com.ruoyi.hsw.dto.MuAnalysisDto">
        select
            a.*,
            u.realName
        from
            (select
                mu_id,
                mt_id,
                receiver_id as user_id,
                maintenance_units_name,
                maintenance_team_name,
                count(id)totalOrder,
                sum(case when now()-take_time>send_work_order_limit*3600 then 1 else 0 end) repaire_timeout_Count
            from
                hsw_job_view
             where
                `status`=2
            <if test="vo.pid != null and vo.pid != ''">
                and jv.pid = #{vo.pid}
            </if>
            <if test="vo.muId and vo.muId != ''">
                and jv.mu_id = #{vo.muId}
            </if>
            <if test="vo.mtId and vo.mtId != ''">
                and jv.mt_id = #{vo.mtId}
            </if>
            <if test="vo.timeoutLevel and vo.timeoutLevel != ''">
                and jv.timeout_level= = #{vo.timeoutLevel}
            </if>
            <if test="vo.userId and vo.userId != ''">
                and jv.receiver_id= = #{vo.userId}
            </if>
            <if test="vo.pIds != null and vo.pIds.size() > 0">
                and jv.pid in
                <foreach collection="vo.pIds" item="pid" separator="," open="(" close=")">
                    #{pid}
                </foreach>
            </if>
            <if test="vo.muIds != null and vo.muIds.size() > 0">
                and jv.mu_id in
                <foreach collection="vo.muIds" item="muId" separator="," open="(" close=")">
                    #{muId}
                </foreach>
            </if>
            GROUP BY
                mu_id,
                mt_id,
                receiver_id,
                maintenance_units_name,
                maintenance_team_name
            ) a
            left join sys_user u on a.user_id = u.user_id
    </select>

    <!-- 判断维修队名称是否存在 -->
    <select id="selectCountByName" resultType="java.lang.Integer">
        select
          count(*)
        from
          hsw_maintenance_team
        where
          del_flag = '0'
          and name = #{name}
    </select>

    <!-- 查询维修队数量 -->
    <select id="selectCount" resultType="java.lang.Integer">
        select
          count(*)
        from
          hsw_maintenance_team
        where
          del_flag = '0'
    </select>

</mapper>
