<?xml version="1.0" encoding="UTF-8" ?>
<!DOCTYPE mapper
PUBLIC "-//mybatis.org//DTD Mapper 3.0//EN"
"http://mybatis.org/dtd/mybatis-3-mapper.dtd">
<mapper namespace="com.ruoyi.hsw.mapper.HswMaintenanceUnitsMapper">

    <resultMap type="HswMaintenanceUnits" id="HswMaintenanceUnitsResult">
        <result property="id"    column="id"    />
        <result property="name"    column="name"    />
        <result property="leader"    column="leader"    />
        <result property="tel"    column="tel"    />
        <result property="address"    column="address"    />
        <result property="delFlag"    column="del_flag"    />
        <result property="createBy"    column="create_by"    />
        <result property="createTime"    column="create_time"    />
        <result property="updateBy"    column="update_by"    />
        <result property="updateTime"    column="update_time"    />
        <collection property="hswMaintenanceTeams" ofType="com.ruoyi.hsw.domain.HswMaintenanceTeam">
            <id column="team_id" property="id"/>
            <result column="team_name" property="name"/>
            <result column="team_mu_id" property="muId"/>
        </collection>
    </resultMap>

    <sql id="selectHswMaintenanceUnitsVo">
        select
          mu.id, mu.name, mu.leader, mu.tel,
          mu.address, mu.del_flag, mu.create_by,
          mu.create_time, mu.update_by, mu.update_time,
          mt.id as team_id,
          mt.name as team_name,
          mt.mu_id as team_mu_id
        from
          hsw_maintenance_units mu
          left join hsw_maintenance_team mt on mt.mu_id = mu.id
    </sql>

    <select id="selectHswMaintenanceUnitsList" parameterType="HswMaintenanceUnits" resultMap="HswMaintenanceUnitsResult">
        <include refid="selectHswMaintenanceUnitsVo"/>
        <where>
            and mu.del_flag = '0'
            <if test="name != null  and name != ''"> and mu.name like concat('%', #{name}, '%')</if>
            <if test="leader != null  and leader != ''"> and mu.leader = #r{leader}</if>
            <if test="tel != null  and tel != ''"> and mu.tel = #{tel}</if>
            <if test="address != null  and address != ''"> and mu.address = like concat('%', #{address}, '%')</if>
        </where>
        order by
            mu.id desc
    </select>

    <select id="selectTree" parameterType="Long" resultMap="HswMaintenanceUnitsResult">
        <include refid="selectHswMaintenanceUnitsVo"/>
        <where>
            and mu.del_flag = '0'
            and mu.id in
            <foreach item="id" collection="array" open="(" separator="," close=")">
                #{id}
            </foreach>
        </where>
        order by
            mu.id desc
    </select>

    <select id="selectHswMaintenanceUnitsById" parameterType="Long" resultMap="HswMaintenanceUnitsResult">
        <include refid="selectHswMaintenanceUnitsVo"/>
        where
          mu.del_flag = '0'
          and mu.id = #{id}
    </select>

    <insert id="insertHswMaintenanceUnits" parameterType="HswMaintenanceUnits">
        insert into hsw_maintenance_units
        <trim prefix="(" suffix=")" suffixOverrides=",">
            <if test="id != null">id,</if>
            <if test="name != null">name,</if>
            <if test="leader != null and leader != ''">leader,</if>
            <if test="tel != null and tel != ''">tel,</if>
            <if test="address != null">address,</if>
            <if test="delFlag != null">del_flag,</if>
            <if test="createBy != null">create_by,</if>
            <if test="createTime != null">create_time,</if>
            <if test="updateBy != null">update_by,</if>
            <if test="updateTime != null">update_time,</if>
         </trim>
        <trim prefix="values (" suffix=")" suffixOverrides=",">
            <if test="id != null">#{id},</if>
            <if test="name != null">#{name},</if>
            <if test="leader != null and leader != ''">#{leader},</if>
            <if test="tel != null and tel != ''">#{tel},</if>
            <if test="address != null">#{address},</if>
            <if test="delFlag != null">#{delFlag},</if>
            <if test="createBy != null">#{createBy},</if>
            <if test="createTime != null">#{createTime},</if>
            <if test="updateBy != null">#{updateBy},</if>
            <if test="updateTime != null">#{updateTime},</if>
         </trim>
    </insert>

    <update id="updateHswMaintenanceUnits" parameterType="HswMaintenanceUnits">
        update hsw_maintenance_units
        <trim prefix="SET" suffixOverrides=",">
            <if test="name != null">name = #{name},</if>
            <if test="leader != null and leader != ''">leader = #{leader},</if>
            <if test="tel != null and tel != ''">tel = #{tel},</if>
            <if test="address != null">address = #{address},</if>
            <if test="delFlag != null">del_flag = #{delFlag},</if>
            <if test="createBy != null">create_by = #{createBy},</if>
            <if test="createTime != null">create_time = #{createTime},</if>
            <if test="updateBy != null">update_by = #{updateBy},</if>
            <if test="updateTime != null">update_time = #{updateTime},</if>
        </trim>
        where id = #{id}
    </update>

    <update id="deleteHswMaintenanceUnitsById" parameterType="Long">
        update hsw_maintenance_units set del_flag = '2' where id = #{id}
    </update>

    <update id="deleteHswMaintenanceUnitsByIds" parameterType="Long">
        update hsw_maintenance_units set del_flag = '2' where id in
        <foreach item="id" collection="array" open="(" separator="," close=")">
            #{id}
        </foreach>
    </update>

    <!-- 查询运维单位数量 -->
    <select id="selectCount" resultType="java.lang.Integer">
        select
          count(*)
        from
          hsw_maintenance_units
        where
          del_flag = '0'
    </select>
</mapper>