<?xml version="1.0" encoding="UTF-8" ?>
<!DOCTYPE mapper
PUBLIC "-//mybatis.org//DTD Mapper 3.0//EN"
"http://mybatis.org/dtd/mybatis-3-mapper.dtd">
<mapper namespace="com.ruoyi.hsw.mapper.HswOtherDeviceMapper">
    
    <resultMap type="HswOtherDevice" id="HswOtherDeviceResult">
        <result property="id"    column="id"    />
        <result property="name"    column="name"    />
        <result property="manufacturer"    column="manufacturer"    />
        <result property="installTime"    column="install_time"    />
        <result property="descr"    column="descr"    />
        <result property="model"    column="model"    />
        <result property="sn"    column="sn"    />
        <result property="ip"    column="ip"    />
        <result property="warranty"    column="warranty"    />
        <result property="delFlag"    column="del_flag"    />
        <result property="createBy"    column="create_by"    />
        <result property="createTime"    column="create_time"    />
        <result property="updateBy"    column="update_by"    />
        <result property="updateTime"    column="update_time"    />
        <result property="projectTitle"    column="project_title"    />
        <result property="installDate"    column="install_date"    />
        <result property="workAddress"    column="work_address"    />
    </resultMap>

    <sql id="selectHswOtherDeviceVo">
        SELECT
            o.id,
            o.NAME,
            o.manufacturer,
            o.install_time,
            o.descr,
            o.model,
            o.sn,
            o.ip,
            o.warranty,
            o.del_flag,
            FROM_UNIXTIME( o.install_time, '%Y-%m-%d' ) AS install_date,
            o.create_by,
            o.create_time,
            o.update_by,
            o.update_time,
            p.title AS project_title,
            w.area AS work_address
        FROM
            hsw_other_device o
            LEFT JOIN hsw_diagnosis_device d ON o.ip = d.ip
            LEFT JOIN hsw_project p ON d.pid = p.id
            LEFT JOIN hsw_divide_work w ON d.divide_work_id = w.id
    </sql>

    <select id="selectHswOtherDeviceList" parameterType="HswOtherDevice" resultMap="HswOtherDeviceResult">
        <include refid="selectHswOtherDeviceVo"/>
        <where>
            AND o.del_flag = '0'
            <if test="ip != null  and ip != ''"> and d.ip like concat('%', #{ip}, '%')</if>
            <if test="projectId != null  and projectId != ''"> and p.id = #{projectId}</if>
            <if test="pids != null and pids.size > 0">
                and d.pid in
                <foreach collection="pids" item="pid" separator="," open="(" close=")">
                    #{pid}
                </foreach>
            </if>
        </where>
        order by
            o.id desc
    </select>
    
    <select id="selectHswOtherDeviceById" parameterType="Long" resultMap="HswOtherDeviceResult">
        <include refid="selectHswOtherDeviceVo"/>
        where o.id = #{id}
        AND o.del_flag = '0'
    </select>
        
    <insert id="insertHswOtherDevice" parameterType="HswOtherDevice">
        insert into hsw_other_device
        <trim prefix="(" suffix=")" suffixOverrides=",">
            <if test="id != null">id,</if>
            <if test="name != null and name != ''">name,</if>
            <if test="manufacturer != null">manufacturer,</if>
            <if test="installTime != null">install_time,</if>
            <if test="descr != null">descr,</if>
            <if test="model != null">model,</if>
            <if test="sn != null and sn != ''">sn,</if>
            <if test="ip != null">ip,</if>
            <if test="warranty != null">warranty,</if>
            <if test="delFlag != null">del_flag,</if>
            <if test="createBy != null">create_by,</if>
            <if test="createTime != null">create_time,</if>
            <if test="updateBy != null">update_by,</if>
            <if test="updateTime != null">update_time,</if>
         </trim>
        <trim prefix="values (" suffix=")" suffixOverrides=",">
            <if test="id != null">#{id},</if>
            <if test="name != null and name != ''">#{name},</if>
            <if test="manufacturer != null">#{manufacturer},</if>
            <if test="installTime != null">#{installTime},</if>
            <if test="descr != null">#{descr},</if>
            <if test="model != null">#{model},</if>
            <if test="sn != null and sn != ''">#{sn},</if>
            <if test="ip != null">#{ip},</if>
            <if test="warranty != null">#{warranty},</if>
            <if test="delFlag != null">#{delFlag},</if>
            <if test="createBy != null">#{createBy},</if>
            <if test="createTime != null">#{createTime},</if>
            <if test="updateBy != null">#{updateBy},</if>
            <if test="updateTime != null">#{updateTime},</if>
         </trim>
    </insert>

    <update id="updateHswOtherDevice" parameterType="HswOtherDevice">
        update hsw_other_device
        <trim prefix="SET" suffixOverrides=",">
            <if test="name != null and name != ''">name = #{name},</if>
            <if test="manufacturer != null">manufacturer = #{manufacturer},</if>
            <if test="installTime != null">install_time = #{installTime},</if>
            <if test="descr != null">descr = #{descr},</if>
            <if test="model != null">model = #{model},</if>
            <if test="sn != null and sn != ''">sn = #{sn},</if>
            <if test="ip != null">ip = #{ip},</if>
            <if test="warranty != null">warranty = #{warranty},</if>
            <if test="delFlag != null">del_flag = #{delFlag},</if>
            <if test="createBy != null">create_by = #{createBy},</if>
            <if test="createTime != null">create_time = #{createTime},</if>
            <if test="updateBy != null">update_by = #{updateBy},</if>
            <if test="updateTime != null">update_time = #{updateTime},</if>
        </trim>
        where id = #{id}
    </update>

    <update id="deleteHswOtherDeviceById" parameterType="Long">
        update hsw_other_device set del_flag = '2' where id = #{id}
    </update>

    <update id="deleteHswOtherDeviceByIds" parameterType="String">
        update hsw_other_device set del_flag = '2' where id in
        <foreach item="id" collection="array" open="(" separator="," close=")">
            #{id}
        </foreach>
    </update>

    <update id="deleteHswOtherDeviceByIp" parameterType="String">
        update hsw_other_device set del_flag = '2' where ip = #{ip}
    </update>

    <select id="selectOtherDeviceCountByIp" parameterType="String" resultType="int">
        SELECT
            COUNT( id )
        FROM
            hsw_other_device
        WHERE
            del_flag = '0'
            AND ip = #{ip}
    </select>

    <!-- 更新安装时间 -->
    <update id="finish">
        update hsw_other_device set install_time = #{time} where ip = #{ip}
    </update>

    <update id="deleteHswOtherDeviceByPid" parameterType="Long">
        UPDATE hsw_other_device
        SET del_flag = '2'
        WHERE
            ip IN ( SELECT d.ip FROM hsw_diagnosis_device d LEFT JOIN hsw_project p ON d.pid = p.id WHERE d.pid = #{pid} )
    </update>

    <select id="selectCountByPid" parameterType="String" resultType="int">
        SELECT
            count( o.id )
        FROM
            hsw_other_device o
            LEFT JOIN hsw_diagnosis_device d ON o.ip = d.ip
        WHERE
            o.del_flag = '0'
            AND d.del_flag = '0'
            AND d.pid IN
            <foreach item="ip" collection="array" open="(" separator="," close=")">
                #{ip}
            </foreach>
    </select>

    <update id="updateIpByIp">
        UPDATE hsw_other_device
            SET ip = #{newIp}
        WHERE
            ip = #{oldIp} and del_flag = '0'
    </update>
</mapper>