<?xml version="1.0" encoding="UTF-8" ?>
<!DOCTYPE mapper
        PUBLIC "-//mybatis.org//DTD Mapper 3.0//EN"
        "http://mybatis.org/dtd/mybatis-3-mapper.dtd">
<mapper namespace="com.ruoyi.hsw.mapper.HswOpticalTransceiverMapper">

    <resultMap type="HswOpticalTransceiver" id="HswOpticalTransceiverResult">
        <result property="id" column="id"/>
        <result property="sn" column="sn"/>
        <result property="manufacturer" column="manufacturer"/>
        <result property="model" column="model"/>
        <result property="ip" column="ip"/>
        <result property="installTime" column="install_time"/>
        <result property="warranty" column="warranty"/>
        <result property="delFlag" column="del_flag"/>
        <result property="createBy" column="create_by"/>
        <result property="createTime" column="create_time"/>
        <result property="updateBy" column="update_by"/>
        <result property="updateTime" column="update_time"/>
        <result property="projectTitle"    column="project_title"    />
        <result property="installDate"    column="install_date"    />
        <result property="workAddress"    column="work_address"    />
        <result property="cameraCount"    column="camera_count"    />
        <result property="distance"    column="distance"    />
    </resultMap>

    <sql id="selectHswOpticalTransceiverVo">
        SELECT
            t.id,
            t.sn,
            t.manufacturer,
            t.model,
            t.ip,
            t.install_time,
            t.warranty,
            t.del_flag,
            FROM_UNIXTIME( t.install_time, '%Y-%m-%d' ) AS install_date,
            t.create_by,
            t.create_time,
            t.update_by,
            t.update_time,
            p.title AS project_title,
            w.area AS work_address,
            d.camera_count,
            d.distance
        FROM
            hsw_optical_transceiver t
            LEFT JOIN hsw_diagnosis_device d ON t.ip = d.ip
            LEFT JOIN hsw_project p ON d.pid = p.id
            LEFT JOIN hsw_divide_work w ON d.divide_work_id = w.id
    </sql>

    <select id="selectHswOpticalTransceiverList" parameterType="HswOpticalTransceiver"
            resultMap="HswOpticalTransceiverResult">
        <include refid="selectHswOpticalTransceiverVo"/>
        <where>
            AND t.del_flag = '0'
            <if test="ip != null  and ip != ''">and t.ip like concat('%', #{ip}, '%')</if>
            <if test="projectId != null  and projectId != ''"> and p.id = #{projectId}</if>
            <if test="pids != null and pids.size > 0">
                and d.pid in
                <foreach collection="pids" item="pid" separator="," open="(" close=")">
                    #{pid}
                </foreach>
            </if>
        </where>
        order by
            t.id desc
    </select>

    <select id="selectHswOpticalTransceiverById" parameterType="Long" resultMap="HswOpticalTransceiverResult">
        <include refid="selectHswOpticalTransceiverVo"/>
        where t.id = #{id}
        AND t.del_flag = '0'
    </select>

    <insert id="insertHswOpticalTransceiver" parameterType="HswOpticalTransceiver" useGeneratedKeys="true"
            keyProperty="id">
        insert into hsw_optical_transceiver
        <trim prefix="(" suffix=")" suffixOverrides=",">
            <if test="sn != null and sn != ''">sn,</if>
            <if test="manufacturer != null">manufacturer,</if>
            <if test="model != null">model,</if>
            <if test="ip != null">ip,</if>
            <if test="installTime != null">install_time,</if>
            <if test="warranty != null">warranty,</if>
            <if test="delFlag != null">del_flag,</if>
            <if test="createBy != null">create_by,</if>
            <if test="createTime != null">create_time,</if>
            <if test="updateBy != null">update_by,</if>
            <if test="updateTime != null">update_time,</if>
        </trim>
        <trim prefix="values (" suffix=")" suffixOverrides=",">
            <if test="sn != null and sn != ''">#{sn},</if>
            <if test="manufacturer != null">#{manufacturer},</if>
            <if test="model != null">#{model},</if>
            <if test="ip != null">#{ip},</if>
            <if test="installTime != null">#{installTime},</if>
            <if test="warranty != null">#{warranty},</if>
            <if test="delFlag != null">#{delFlag},</if>
            <if test="createBy != null">#{createBy},</if>
            <if test="createTime != null">#{createTime},</if>
            <if test="updateBy != null">#{updateBy},</if>
            <if test="updateTime != null">#{updateTime},</if>
        </trim>
    </insert>

    <update id="updateHswOpticalTransceiver" parameterType="HswOpticalTransceiver">
        update hsw_optical_transceiver
        <trim prefix="SET" suffixOverrides=",">
            <if test="sn != null and sn != ''">sn = #{sn},</if>
            <if test="manufacturer != null">manufacturer = #{manufacturer},</if>
            <if test="model != null">model = #{model},</if>
            <if test="ip != null">ip = #{ip},</if>
            <if test="installTime != null">install_time = #{installTime},</if>
            <if test="warranty != null">warranty = #{warranty},</if>
            <if test="delFlag != null">del_flag = #{delFlag},</if>
            <if test="createBy != null">create_by = #{createBy},</if>
            <if test="createTime != null">create_time = #{createTime},</if>
            <if test="updateBy != null">update_by = #{updateBy},</if>
            <if test="updateTime != null">update_time = #{updateTime},</if>
        </trim>
        where id = #{id}
    </update>

    <update id="deleteHswOpticalTransceiverById" parameterType="Long">
        update hsw_optical_transceiver set del_flag = '2' where id = #{id}
    </update>

    <update id="deleteHswOpticalTransceiverByIds" parameterType="String">
        update hsw_optical_transceiver set del_flag = '2' where id in
        <foreach item="id" collection="array" open="(" separator="," close=")">
            #{id}
        </foreach>
    </update>

    <update id="deleteHswOpticalTransceiverByIp" parameterType="String">
        update hsw_optical_transceiver set del_flag = '2' where ip = #{ip}
    </update>

    <select id="checkIpUnique" parameterType="String" resultMap="HswOpticalTransceiverResult">
        select id, ip from hsw_optical_transceiver where ip = #{ip} and del_flag = '0' limit 1
    </select>

    <select id="selectOpticalTransceiverCountByIp" parameterType="String" resultType="int">
        SELECT
            COUNT( id )
        FROM
            hsw_optical_transceiver
        WHERE
            del_flag = '0'
            AND ip = #{ip}
    </select>

    <!-- 更新安装时间 -->
    <update id="finish">
        update hsw_optical_transceiver set install_time = #{time} where ip = #{ip}
    </update>

    <update id="deleteHswOpticalTransceiverByPid" parameterType="Long">
        UPDATE hsw_optical_transceiver
        SET del_flag = '2'
        WHERE
            ip IN ( SELECT d.ip FROM hsw_diagnosis_device d LEFT JOIN hsw_project p ON d.pid = p.id WHERE d.pid = #{pid} )
    </update>

    <select id="selectOpticalTransceiverByIp" parameterType="String" resultMap="HswOpticalTransceiverResult">
        <include refid="selectHswOpticalTransceiverVo"/>
        where t.ip = #{ip}
        AND t.del_flag = '0'
        limit 1
    </select>

    <select id="selectCountByPid" parameterType="String" resultType="int">
        SELECT
            count( t.id )
        FROM
            hsw_optical_transceiver t
            LEFT JOIN hsw_diagnosis_device d ON t.ip = d.ip
        WHERE
            t.del_flag = '0'
            AND d.del_flag = '0'
            AND d.pid IN
            <foreach item="ip" collection="array" open="(" separator="," close=")">
                #{ip}
            </foreach>
    </select>

    <resultMap type="OpticalTransceiverViewDto" id="OpticalTransceiverViewResult">
        <result property="id"    column="id"    />
        <result property="sn"    column="sn"    />
        <result property="manufacturer"    column="manufacturer"    />
        <result property="model"    column="model"    />
        <result property="ip"    column="ip"    />
        <result property="installTime"    column="install_time"    />
        <result property="divideArea"    column="divide_area"    />
        <result property="projectTitle"    column="project_title"    />
        <result property="pid"    column="pid"    />
        <result property="address"    column="address"    />
        <result property="divideWorkId"    column="divide_work_id"    />
        <result property="atId"    column="at_id"    />
        <result property="cuId"    column="cu_id"    />
        <result property="cameraCount"    column="camera_count"    />
        <result property="warranty"    column="warranty"    />
        <result property="constructingTeamName"    column="constructing_team_name"    />
        <result property="maintenanceUnitsName"    column="maintenance_units_name"    />
        <result property="province"    column="province"    />
        <result property="city"    column="city"    />
        <result property="district"    column="district"    />
        <result property="distance"    column="distance"    />
    </resultMap>

    <sql id="selectOpticalTransceiverViewVo">
        select id, sn, manufacturer, model, ip, install_time, divide_area, project_title, pid, address, divide_work_id, at_id, cu_id, camera_count, warranty, constructing_team_name, maintenance_units_name, province, city, district, distance from hsw_optical_transceiver_view
    </sql>

    <select id="selectOpticalTransceiverViewList" parameterType="OpticalTransceiverViewDto" resultMap="OpticalTransceiverViewResult">
        <include refid="selectOpticalTransceiverViewVo"/>
        <where>
            <if test="sn != null  and sn != ''"> and sn = #{sn}</if>
            <if test="manufacturer != null  and manufacturer != ''"> and manufacturer = #{manufacturer}</if>
            <if test="model != null  and model != ''"> and model = #{model}</if>
            <if test="ip != null  and ip != ''"> and ip = #{ip}</if>
            <if test="installTime != null "> and install_time = #{installTime}</if>
            <if test="divideArea != null  and divideArea != ''"> and divide_area = #{divideArea}</if>
            <if test="projectTitle != null  and projectTitle != ''"> and project_title = #{projectTitle}</if>
            <if test="pid != null "> and pid = #{pid}</if>
            <if test="address != null  and address != ''"> and address = #{address}</if>
            <if test="divideWorkId != null "> and divide_work_id = #{divideWorkId}</if>
            <if test="atId != null "> and at_id = #{atId}</if>
            <if test="cuId != null "> and cu_id = #{cuId}</if>
            <if test="cameraCount != null "> and camera_count = #{cameraCount}</if>
            <if test="warranty != null "> and warranty = #{warranty}</if>
            <if test="constructingTeamName != null  and constructingTeamName != ''"> and constructing_team_name like concat('%', #{constructingTeamName}, '%')</if>
            <if test="maintenanceUnitsName != null  and maintenanceUnitsName != ''"> and maintenance_units_name like concat('%', #{maintenanceUnitsName}, '%')</if>
            <if test="province != null "> and province = #{province}</if>
            <if test="city != null "> and city = #{city}</if>
            <if test="district != null "> and district = #{district}</if>
            <if test="distance != null "> and distance = #{distance}</if>
            <if test="pids != null ">
                AND pid IN
                <foreach  item="pid" collection="pids" open="(" separator="," close=")">
                    #{pid}
                </foreach>
            </if>
        </where>
    </select>

    <select id="selectOpticalTransceiverViewById" parameterType="Long" resultMap="OpticalTransceiverViewResult">
        <include refid="selectOpticalTransceiverViewVo"/>
        where id = #{id}
    </select>

    <update id="updateIpByIp">
        UPDATE hsw_optical_transceiver
            SET ip = #{newIp}
        WHERE
            ip = #{oldIp} and del_flag = '0'
    </update>
</mapper>
