<?xml version="1.0" encoding="UTF-8" ?>
<!DOCTYPE mapper
PUBLIC "-//mybatis.org//DTD Mapper 3.0//EN"
"http://mybatis.org/dtd/mybatis-3-mapper.dtd">
<mapper namespace="com.ruoyi.hsw.mapper.HswProjectMaintenanceUnitsMapper">

    <resultMap type="HswProjectMaintenanceUnits" id="HswProjectMaintenanceUnitsResult">
        <result property="pid"    column="pid"    />
        <result property="muId"    column="mu_id"    />
        <result property="delFlag"    column="del_flag"    />
        <result property="createBy"    column="create_by"    />
        <result property="createTime"    column="create_time"    />
        <result property="updateBy"    column="update_by"    />
        <result property="updateTime"    column="update_time"    />
    </resultMap>

    <sql id="selectHswProjectMaintenanceUnitsVo">
        select pid, mu_id, del_flag, create_by, create_time, update_by, update_time from hsw_project_maintenance_units
    </sql>

    <select id="selectHswProjectMaintenanceUnitsList" parameterType="HswProjectMaintenanceUnits" resultMap="HswProjectMaintenanceUnitsResult">
        <include refid="selectHswProjectMaintenanceUnitsVo"/>
        <where>
            and del_flag = '0'
            <if test="pid != null "> and pid = #{pid}</if>
            <if test="muId != null "> and mu_id = #{muId}</if>
        </where>
        order by
            create_time desc
    </select>

    <select id="selectHswProjectMaintenanceUnitsById" parameterType="Long" resultMap="HswProjectMaintenanceUnitsResult">
        <include refid="selectHswProjectMaintenanceUnitsVo"/>
        where
            pid = #{pid}
            and del_flag = '0'
        order by
            pid desc
    </select>

    <insert id="insertHswProjectMaintenanceUnits" parameterType="HswProjectMaintenanceUnits">
        insert into hsw_project_maintenance_units
        <trim prefix="(" suffix=")" suffixOverrides=",">
            <if test="pid != null">pid,</if>
            <if test="muId != null">mu_id,</if>
            <if test="delFlag != null">del_flag,</if>
            <if test="createBy != null">create_by,</if>
            <if test="createTime != null">create_time,</if>
            <if test="updateBy != null">update_by,</if>
            <if test="updateTime != null">update_time,</if>
         </trim>
        <trim prefix="values (" suffix=")" suffixOverrides=",">
            <if test="pid != null">#{pid},</if>
            <if test="muId != null">#{muId},</if>
            <if test="delFlag != null">#{delFlag},</if>
            <if test="createBy != null">#{createBy},</if>
            <if test="createTime != null">#{createTime},</if>
            <if test="updateBy != null">#{updateBy},</if>
            <if test="updateTime != null">#{updateTime},</if>
         </trim>
    </insert>

    <update id="updateHswProjectMaintenanceUnits" parameterType="HswProjectMaintenanceUnits">
        update hsw_project_maintenance_units
        <trim prefix="SET" suffixOverrides=",">
            <if test="muId != null">mu_id = #{muId},</if>
            <if test="delFlag != null">del_flag = #{delFlag},</if>
            <if test="createBy != null">create_by = #{createBy},</if>
            <if test="createTime != null">create_time = #{createTime},</if>
            <if test="updateBy != null">update_by = #{updateBy},</if>
            <if test="updateTime != null">update_time = #{updateTime},</if>
        </trim>
        where pid = #{pid}
    </update>

    <update id="deleteHswProjectMaintenanceUnitsById" parameterType="Long">
        update hsw_project_maintenance_units set del_flag = '2' where pid = #{pid}
    </update>

    <update id="deleteHswProjectMaintenanceUnitsByIds" parameterType="String">
        update hsw_project_maintenance_units set del_flag = '2' where pid in
        <foreach item="pid" collection="array" open="(" separator="," close=")">
            #{pid}
        </foreach>
    </update>

    <!-- 批量添加目与运维单位关系 -->
    <insert id="batchProjectMaintenanceUnits">
        insert into hsw_project_maintenance_units(pid, mu_id) values
        <foreach item="item" index="index" collection="list" separator=",">
            (#{item.pid},#{item.muId})
        </foreach>
    </insert>

    <!-- 根据运维单位id获取项目id集合 -->
    <select id="selectPidsByMuId" resultType="java.lang.Long">
        select
          pid
        from
          hsw_project_maintenance_units
        where
          del_flag = '0'
          and mu_id = #{muId}
    </select>

    <!-- 根据项目id获取运维单位id集合 -->
    <select id="selectMuIdsByPid" resultType="java.lang.Long">
        select
          mu_id
        from
          hsw_project_maintenance_units
        where
          del_flag = '0'
          and pid = #{pid}
    </select>

    <!-- 根据项目集合获取运维单位id集合 -->
    <select id="selectPids" resultType="java.lang.Long">
        select
          mu_id
        from
          hsw_project_maintenance_units
        where
          del_flag = '0'
          and pid in
        <foreach collection="pIds" item="pid" separator="," open="(" close=")">
            #{pid}
        </foreach>
    </select>

    <resultMap type="ProjectMaintenanceUnitsViewDto" id="ProjectMaintenanceUnitsViewDtoResult">
        <result property="pid"    column="pid"    />
        <result property="muId"    column="mu_id"    />
        <result property="title"    column="title"    />
        <result property="name"    column="name"    />
    </resultMap>

    <sql id="selectProjectMaintenanceUnitsViewVo">
        select DISTINCT pid, mu_id, title, name from hsw_project_maintenance_units_view
    </sql>

    <select id="selectProjectMaintenanceUnitsViewList" parameterType="ProjectMaintenanceUnitsViewDto" resultMap="ProjectMaintenanceUnitsViewDtoResult">
        <include refid="selectProjectMaintenanceUnitsViewVo"/>
        <where>
            <if test="pid != null "> and pid = #{pid}</if>
            <if test="muId != null "> and mu_id = #{muId}</if>
            <if test="title != null  and title != ''"> and title = #{title}</if>
            <if test="name != null  and name != ''"> and name like concat('%', #{name}, '%')</if>
        </where>
    </select>

    <select id="selectProjectMaintenanceUnitsViewListByPids" resultMap="ProjectMaintenanceUnitsViewDtoResult">
        <include refid="selectProjectMaintenanceUnitsViewVo"/>
        where pid in
        <foreach collection="pIds" item="pid" separator="," open="(" close=")">
            #{pid}
        </foreach>
    </select>
    <select id="selectListByPids" resultMap="ProjectMaintenanceUnitsViewDtoResult">
        <include refid="selectProjectMaintenanceUnitsViewVo"/>
        where pid in
        <foreach collection="pIds" item="pid" separator="," open="(" close=")">
            #{pid}
        </foreach>
    </select>
</mapper>
