<?xml version="1.0" encoding="UTF-8" ?>
<!DOCTYPE mapper
        PUBLIC "-//mybatis.org//DTD Mapper 3.0//EN"
        "http://mybatis.org/dtd/mybatis-3-mapper.dtd">
<mapper namespace="com.ruoyi.hsw.mapper.HswProjectMapper">

    <resultMap type="HswProject" id="HswProjectResult">
        <result property="id" column="id"/>
        <result property="title" column="title"/>
        <result property="buildTime" column="build_time"/>
        <result property="cuId" column="cu_id"/>
        <result property="ctId" column="ct_id"/>
        <result property="mtId" column="mt_id"/>
        <result property="pmInfo" column="pm_info"/>
        <result property="electricityOperatingContacts" column="electricity_operating_contacts"/>
        <result property="communicationsOperationsContacts" column="communications_operations_contacts"/>
        <result property="province" column="province"/>
        <result property="city" column="city"/>
        <result property="district" column="district"/>
        <result property="address" column="address"/>
        <result property="attachments" column="attachments"/>
        <result property="provinceLabel" column="province_label"/>
        <result property="cityLabel" column="city_label"/>
        <result property="districtLabel" column="district_label"/>
        <result property="remark" column="remark"/>
        <result property="finishTime" column="finish_time"/>
        <result property="electricityOperating" column="electricity_operating"/>
        <result property="communicationsOperations" column="communications_operations"/>
        <result property="timeoutLabel1" column="timeout_label1"/>
        <result property="timeoutLabel2" column="timeout_label2"/>
        <result property="timeoutLabel3" column="timeout_label3"/>
        <result property="timeoutStart1" column="timeout_start1"/>
        <result property="timeoutEnd1" column="timeout_end1"/>
        <result property="timeoutStart2" column="timeout_start2"/>
        <result property="timeoutEnd2" column="timeout_end2"/>
        <result property="timeoutStart3" column="timeout_start3"/>
        <result property="timeoutEnd3" column="timeout_end3"/>
        <result property="timeoutHour1" column="timeout_hour1"/>
        <result property="timeoutHour2" column="timeout_hour2"/>
        <result property="timeoutHour3" column="timeout_hour3"/>
        <result property="sendWorkOrderLimit" column="send_work_order_limit"/>
        <result property="delFlag" column="del_flag"/>
        <result property="createBy" column="create_by"/>
        <result property="createTime" column="create_time"/>
        <result property="updateBy" column="update_by"/>
        <result property="updateTime" column="update_time"/>
        <association property="constructingUnits" column="cu_id" javaType="hswConstructingUnits"
                     resultMap="hswConstructingUnitsResult"/>
        <collection property="maintenanceUnits" javaType="java.util.List" resultMap="hswMaintenanceUnitsResult"/>
    </resultMap>

    <resultMap id="hswConstructingUnitsResult" type="hswConstructingUnits">
        <id property="id" column="constructing_units_id"/>
        <result property="name" column="constructing_units_name"/>
        <result property="leader" column="constructing_units_leader"/>
        <result property="tel" column="constructing_units_tel"/>
    </resultMap>

    <resultMap id="hswMaintenanceUnitsResult" type="hswMaintenanceUnits">
        <id property="id" column="maintenance_units_id"/>
        <result property="name" column="maintenance_units_name"/>
        <result property="leader" column="maintenance_units_leader"/>
        <result property="tel" column="maintenance_units_tel"/>
        <result property="address" column="maintenance_units_address"/>
    </resultMap>

    <sql id="selectHswProjectVo">
        select
          t.id,
          t.title,
          t.build_time,
          t.cu_id,
          t.ct_id,
          t.mt_id,
          t.pm_info,
          t.electricity_operating_contacts,
          t.communications_operations_contacts,
          t.province,
          t.city,
          t.district,
          t.address,
          t.attachments,
          t.province_label,
          t.city_label,
          t.district_label,
          t.remark,
          t.finish_time,
          t.electricity_operating,
          t.communications_operations,
          t.timeout_label1,
          t.timeout_label2,
          t.timeout_label3,
          t.timeout_start1,
          t.timeout_end1,
          t.timeout_start2,
          t.timeout_end2,
          t.timeout_start3,
          t.timeout_end3,
          t.timeout_hour1,
          t.timeout_hour2,
          t.timeout_hour3,
          t.send_work_order_limit,
          t.del_flag,
          t.create_by,
          t.create_time,
          t.update_by,
          t.update_time,
          mu.id as maintenance_units_id,
          mu.name as maintenance_units_name,
          cu.id as constructing_units_id,
          cu.name as constructing_units_name
        from
          hsw_project t
          left join hsw_constructing_units cu on t.cu_id = cu.id and cu.del_flag = '0'
          left join hsw_project_maintenance_units u on t.id = u.pid and u.del_flag = '0'
          left join hsw_maintenance_units mu on mu.id = u.mu_id and mu.del_flag = '0'
    </sql>

    <select id="selectHswProjectList" parameterType="HswProject" resultMap="HswProjectResult">
        <include refid="selectHswProjectVo"/>
        <where>
            and t.del_flag = '0'
            <if test="title != null  and title != ''">and t.title = #{title}</if>
            <if test="cuId != null ">and t.cu_id = #{cuId}</if>
            <if test="muId != null ">and u.mu_id = #{muId}</if>
            <if test="mtId != null ">and t.mt_id = #{mtId}</if>
            <if test="pids != null and pids.size > 0">
                and t.id in
                <foreach collection="pids" item="pid" separator="," open="(" close=")">
                    #{pid}
                </foreach>
            </if>
        </where>
        order by
            t.id desc
    </select>

    <select id="selectHswProjectById" parameterType="Long" resultMap="HswProjectResult">
        <include refid="selectHswProjectVo"/>
        where
        t.del_flag = '0'
        and t.id = #{id}
    </select>


    <insert id="insertHswProject" useGeneratedKeys="true" keyProperty="id" parameterType="HswProject">
        insert into hsw_project
        <trim prefix="(" suffix=")" suffixOverrides=",">
            <if test="id != null">id,</if>
            <if test="title != null and title != ''">title,</if>
            <if test="buildTime != null and buildTime != ''">build_time,</if>
            <if test="cuId != null">cu_id,</if>
            <if test="ctId != null">ct_id,</if>
            <if test="mtId != null">mt_id,</if>
            <if test="pmInfo != null and pmInfo != ''">pm_info,</if>
            <if test="electricityOperatingContacts != null">electricity_operating_contacts,</if>
            <if test="communicationsOperationsContacts != null">communications_operations_contacts,</if>
            <if test="province != null">province,</if>
            <if test="city != null">city,</if>
            <if test="district != null">district,</if>
            <if test="address != null and address != ''">address,</if>
            <if test="attachments != null">attachments,</if>
            <if test="provinceLabel != null and provinceLabel != ''">province_label,</if>
            <if test="cityLabel != null and cityLabel != ''">city_label,</if>
            <if test="districtLabel != null">district_label,</if>
            <if test="remark != null">remark,</if>
            <if test="finishTime != null">finish_time,</if>
            <if test="electricityOperating != null">electricity_operating,</if>
            <if test="communicationsOperations != null">communications_operations,</if>
            <if test="timeoutLabel1 != null">timeout_label1,</if>
            <if test="timeoutLabel2 != null">timeout_label2,</if>
            <if test="timeoutLabel3 != null">timeout_label3,</if>
            <if test="timeoutStart1 != null">timeout_start1,</if>
            <if test="timeoutEnd1 != null">timeout_end1,</if>
            <if test="timeoutStart2 != null">timeout_start2,</if>
            <if test="timeoutEnd2 != null">timeout_end2,</if>
            <if test="timeoutStart3 != null">timeout_start3,</if>
            <if test="timeoutEnd3 != null">timeout_end3,</if>
            <if test="timeoutHour1 != null">timeout_hour1,</if>
            <if test="timeoutHour2 != null">timeout_hour2,</if>
            <if test="timeoutHour3 != null">timeout_hour3,</if>
            <if test="sendWorkOrderLimit != null">send_work_order_limit,</if>
            <if test="delFlag != null">del_flag,</if>
            <if test="createBy != null">create_by,</if>
            <if test="createTime != null">create_time,</if>
            <if test="updateBy != null">update_by,</if>
            <if test="updateTime != null">update_time,</if>
        </trim>
        <trim prefix="values (" suffix=")" suffixOverrides=",">
            <if test="id != null">#{id},</if>
            <if test="title != null and title != ''">#{title},</if>
            <if test="buildTime != null and buildTime != ''">#{buildTime},</if>
            <if test="cuId != null">#{cuId},</if>
            <if test="ctId != null">#{ctId},</if>
            <if test="mtId != null">#{mtId},</if>
            <if test="pmInfo != null and pmInfo != ''">#{pmInfo},</if>
            <if test="electricityOperatingContacts != null">#{electricityOperatingContacts},</if>
            <if test="communicationsOperationsContacts != null">#{communicationsOperationsContacts},</if>
            <if test="province != null">#{province},</if>
            <if test="city != null">#{city},</if>
            <if test="district != null">#{district},</if>
            <if test="address != null and address != ''">#{address},</if>
            <if test="attachments != null">#{attachments},</if>
            <if test="provinceLabel != null and provinceLabel != ''">#{provinceLabel},</if>
            <if test="cityLabel != null and cityLabel != ''">#{cityLabel},</if>
            <if test="districtLabel != null">#{districtLabel},</if>
            <if test="remark != null">#{remark},</if>
            <if test="finishTime != null">#{finishTime},</if>
            <if test="electricityOperating != null">#{electricityOperating},</if>
            <if test="communicationsOperations != null">#{communicationsOperations},</if>
            <if test="timeoutLabel1 != null">#{timeoutLabel1},</if>
            <if test="timeoutLabel2 != null">#{timeoutLabel2},</if>
            <if test="timeoutLabel3 != null">#{timeoutLabel3},</if>
            <if test="timeoutStart1 != null">#{timeoutStart1},</if>
            <if test="timeoutEnd1 != null">#{timeoutEnd1},</if>
            <if test="timeoutStart2 != null">#{timeoutStart2},</if>
            <if test="timeoutEnd2 != null">#{timeoutEnd2},</if>
            <if test="timeoutStart3 != null">#{timeoutStart3},</if>
            <if test="timeoutEnd3 != null">#{timeoutEnd3},</if>
            <if test="timeoutHour1 != null">#{timeoutHour1},</if>
            <if test="timeoutHour2 != null">#{timeoutHour2},</if>
            <if test="timeoutHour3 != null">#{timeoutHour3},</if>
            <if test="sendWorkOrderLimit != null">#{sendWorkOrderLimit},</if>
            <if test="delFlag != null">#{delFlag},</if>
            <if test="createBy != null">#{createBy},</if>
            <if test="createTime != null">#{createTime},</if>
            <if test="updateBy != null">#{updateBy},</if>
            <if test="updateTime != null">#{updateTime},</if>
        </trim>
    </insert>

    <update id="updateHswProject" parameterType="HswProject">
        update hsw_project
        <trim prefix="SET" suffixOverrides=",">
            <if test="title != null and title != ''">title = #{title},</if>
            <if test="buildTime != null and buildTime != ''">build_time=#{buildTime},</if>
            <if test="cuId != null">cu_id = #{cuId},</if>
            <if test="ctId != null">ct_id = #{ctId},</if>
            <if test="mtId != null">mt_id = #{mtId},</if>
            <if test="pmInfo != null and pmInfo != ''">pm_info = #{pmInfo},</if>
            <if test="electricityOperatingContacts != null">electricity_operating_contacts =
                #{electricityOperatingContacts},
            </if>
            <if test="communicationsOperationsContacts != null">communications_operations_contacts =
                #{communicationsOperationsContacts},
            </if>
            <if test="province != null">province = #{province},</if>
            <if test="city != null">city = #{city},</if>
            <if test="district != null">district = #{district},</if>
            <if test="address != null and address != ''">address = #{address},</if>
            <if test="attachments != null">attachments = #{attachments},</if>
            <if test="provinceLabel != null and provinceLabel != ''">province_label = #{provinceLabel},</if>
            <if test="cityLabel != null and cityLabel != ''">city_label = #{cityLabel},</if>
            <if test="districtLabel != null">district_label = #{districtLabel},</if>
            <if test="remark != null">remark = #{remark},</if>
            <if test="finishTime != null">finish_time = #{finishTime},</if>
            <if test="electricityOperating != null">electricity_operating = #{electricityOperating},</if>
            <if test="communicationsOperations != null">communications_operations = #{communicationsOperations},</if>
            <if test="timeoutLabel1 != null">timeout_label1 = #{timeoutLabel1},</if>
            <if test="timeoutLabel2 != null">timeout_label2 = #{timeoutLabel2},</if>
            <if test="timeoutLabel3 != null">timeout_label3 = #{timeoutLabel3},</if>
            <if test="timeoutStart1 != null">timeout_start1 = #{timeoutStart1},</if>
            <if test="timeoutEnd1 != null">timeout_end1 = #{timeoutEnd1},</if>
            <if test="timeoutStart2 != null">timeout_start2 = #{timeoutStart2},</if>
            <if test="timeoutEnd2 != null">timeout_end2 = #{timeoutEnd2},</if>
            <if test="timeoutStart3 != null">timeout_start3 = #{timeoutStart3},</if>
            <if test="timeoutEnd3 != null">timeout_end3 = #{timeoutEnd3},</if>
            <if test="timeoutHour1 != null">timeout_hour1 = #{timeoutHour1},</if>
            <if test="timeoutHour2 != null">timeout_hour2 = #{timeoutHour2},</if>
            <if test="timeoutHour3 != null">timeout_hour3 = #{timeoutHour3},</if>
            <if test="sendWorkOrderLimit != null">send_work_order_limit = #{sendWorkOrderLimit},</if>
            <if test="delFlag != null">del_flag = #{delFlag},</if>
            <if test="createBy != null">create_by = #{createBy},</if>
            <if test="createTime != null">create_time = #{createTime},</if>
            <if test="updateBy != null">update_by = #{updateBy},</if>
            <if test="updateTime != null">update_time = #{updateTime},</if>
        </trim>
        where id = #{id}
    </update>

    <update id="deleteHswProjectById" parameterType="Long">
        update hsw_project set del_flag = '2' where id = #{id}
    </update>

    <update id="deleteHswProjectByIds" parameterType="Long">
        update hsw_project set del_flag = '2' where id in
        <foreach item="id" collection="array" open="(" separator="," close=")">
            #{id}
        </foreach>
    </update>

    <select id="selectCountByTitle" parameterType="string" resultType="int">
        select
          count(*)
        from
          hsw_project
        where
          del_flag = '0'
    </select>

    <!-- 竣工 -->
    <update id="finish" parameterType="Long">
        update hsw_project set finish_time = #{time} where id = #{id}
    </update>

    <select id="selectHswProjectListByCuIdAndPids" resultMap="HswProjectResult">
        <include refid="selectHswProjectVo"/>
        <where>
            and t.del_flag = '0'
            and t.cu_id = #{cuId}
            <if test="pids != null and pids.length > 0">
                AND
                t.id IN
                <foreach item="pid" collection="pids" open="(" separator="," close=")">
                    #{pid}
                </foreach>
            </if>
        </where>
        order by
            t.id desc
    </select>

    <!-- 获取项目id集合 -->
    <select id="selectPids" resultType="java.lang.Long">
        select
          id
        from
          hsw_project
        where
          del_flag = '0'
    </select>

    <!-- 根据建设单位id获取项目id集合 -->
    <select id="selectPidsByCuId" resultType="java.lang.Long">
        select
          id
        from
          hsw_project
        where
          del_flag = '0'
          and cu_id = #{cuId}
    </select>

    <resultMap id="treeVoMap" type="com.ruoyi.hsw.domain.vo.TreeVo">
        <result property="id" column="id"/>
        <result property="label" column="label"/>
    </resultMap>

    <select id="selectByCityAndPids" resultMap="treeVoMap">
        select
            id,
            title AS label
        from
            hsw_project
        where
            del_flag = '0'
            <if test="city != null and city != ''">
                AND
                city = #{city}
            </if>
            <if test="pids != null and pids.length > 0">
                AND
                id IN
                <foreach item="pid" collection="pids" open="(" separator="," close=")">
                    #{pid}
                </foreach>
            </if>
        order by
            id desc
    </select>

    <!-- 查询入驻建设单位数量 -->
    <select id="selectCuCount" resultType="java.lang.Long">
        select distinct
          cu_id
        from
          hsw_project
        where
          del_flag = '0'
    </select>

    <!-- 根据id列表查询列表 -->
    <select id="selectHswProjectIds" resultMap="HswProjectResult">
        SELECT
            *
        FROM
            hsw_project
        WHERE
            del_flag = '0'
            AND
            id IN
            <foreach item="id" collection="array" open="(" separator="," close=")">
                #{id}
            </foreach>
        order by
            id desc
    </select>
</mapper>