<?xml version="1.0" encoding="UTF-8" ?>
<!DOCTYPE mapper
PUBLIC "-//mybatis.org//DTD Mapper 3.0//EN"
"http://mybatis.org/dtd/mybatis-3-mapper.dtd">
<mapper namespace="com.ruoyi.hsw.mapper.HswSysMsgMapper">

    <resultMap type="HswSysMsg" id="HswSysMsgResult">
        <result property="id"    column="id"    />
        <result property="title"    column="title"    />
        <result property="content"    column="content"    />
        <result property="toUids"    column="to_uids"    />
        <result property="jobNo"    column="job_no"    />
        <result property="delFlag"    column="del_flag"    />
        <result property="createBy"    column="create_by"    />
        <result property="createTime"    column="create_time"    />
        <result property="updateBy"    column="update_by"    />
        <result property="updateTime"    column="update_time"    />
        <collection property="hswUserMsgs" ofType="com.ruoyi.hsw.domain.HswUserMsg">
            <id column="mid" property="mid"/>
            <result column="uid" property="uid"/>
            <result column="read_time" property="readTime"/>
            <result column="status" property="status"/>
            <result column="uname" property="uname"/>
        </collection>
    </resultMap>

    <sql id="selectHswSysMsgVo">
        select
          t.id, t.title, t.content,
          t.to_uids, t.job_no, t.del_flag,
          t.create_by, t.create_time,
          t.update_by, t.update_time,
          t1.mid, t1.uid, t1.read_time,
          t1.status, t1.uname
        from
          hsw_sys_msg t
          left join hsw_user_msg t1 on t1.mid = t.id and t1.del_flag = '0'
    </sql>

    <select id="selectHswSysMsgList" parameterType="HswSysMsg" resultMap="HswSysMsgResult">
        <include refid="selectHswSysMsgVo"/>
        <where>
            and t.del_flag = '0'
            <if test="title != null  and title != ''"> and t.title like concat('%', #{title}, '%')</if>
            <if test="beginTime != null and beginTime != '' and endTime != null and endTime != ''">
                and t.create_time >= #{beginTime}
                and t.create_time <![CDATA[ <= ]]> #{endTime}
            </if>
        </where>
        order by
            t.id desc
    </select>

    <select id="selectHswSysMsgById" parameterType="Long" resultMap="HswSysMsgResult">
        <include refid="selectHswSysMsgVo"/>
        where
          t.del_flag = '0'
          and t.id = #{id}
    </select>

    <insert id="insertHswSysMsg" useGeneratedKeys="true" keyProperty="id" parameterType="HswSysMsg">
        insert into hsw_sys_msg
        <trim prefix="(" suffix=")" suffixOverrides=",">
            <if test="id != null">id,</if>
            <if test="title != null and title != ''">title,</if>
            <if test="content != null and content != ''">content,</if>
            <if test="toUids != null">to_uids,</if>
            <if test="jobNo != null and jobNo != ''">job_no,</if>
            <if test="delFlag != null">del_flag,</if>
            <if test="createBy != null">create_by,</if>
            <if test="createTime != null">create_time,</if>
            <if test="updateBy != null">update_by,</if>
            <if test="updateTime != null">update_time,</if>
         </trim>
        <trim prefix="values (" suffix=")" suffixOverrides=",">
            <if test="id != null">#{id},</if>
            <if test="title != null and title != ''">#{title},</if>
            <if test="content != null and content != ''">#{content},</if>
            <if test="toUids != null">#{toUids},</if>
            <if test="jobNo != null and jobNo != ''">#{jobNo},</if>
            <if test="delFlag != null">#{delFlag},</if>
            <if test="createBy != null">#{createBy},</if>
            <if test="createTime != null">#{createTime},</if>
            <if test="updateBy != null">#{updateBy},</if>
            <if test="updateTime != null">#{updateTime},</if>
         </trim>
    </insert>

    <update id="updateHswSysMsg" parameterType="HswSysMsg">
        update hsw_sys_msg
        <trim prefix="SET" suffixOverrides=",">
            <if test="title != null and title != ''">title = #{title},</if>
            <if test="content != null and content != ''">content = #{content},</if>
            <if test="toUids != null">to_uids = #{toUids},</if>
            <if test="jobNo != null and jobNo != ''">job_no = #{jobNo},</if>
            <if test="delFlag != null">del_flag = #{delFlag},</if>
            <if test="createBy != null">create_by = #{createBy},</if>
            <if test="createTime != null">create_time = #{createTime},</if>
            <if test="updateBy != null">update_by = #{updateBy},</if>
            <if test="updateTime != null">update_time = #{updateTime},</if>
        </trim>
        where id = #{id}
    </update>

    <delete id="deleteHswSysMsgById" parameterType="Long">
        update hsw_sys_msg set del_flag = '2' where id = #{id}
    </delete>

    <delete id="deleteHswSysMsgByIds" parameterType="String">
        update hsw_sys_msg set del_flag = '2' where id in
        <foreach item="id" collection="array" open="(" separator="," close=")">
            #{id}
        </foreach>
    </delete>

</mapper>
