<?xml version="1.0" encoding="UTF-8" ?>
<!DOCTYPE mapper
PUBLIC "-//mybatis.org//DTD Mapper 3.0//EN"
"http://mybatis.org/dtd/mybatis-3-mapper.dtd">
<mapper namespace="com.ruoyi.hsw.mapper.HswUserMsgMapper">

    <resultMap type="HswUserMsg" id="HswUserMsgResult">
        <result property="mid"    column="mid"    />
        <result property="uid"    column="uid"    />
        <result property="readTime"    column="read_time"    />
        <result property="status"    column="status"    />
        <result property="uname"    column="uname"    />
        <result property="delFlag"    column="del_flag"    />
        <result property="createBy"    column="create_by"    />
        <result property="createTime"    column="create_time"    />
        <result property="updateBy"    column="update_by"    />
        <result property="updateTime"    column="update_time"    />
    </resultMap>

    <sql id="selectHswUserMsgVo">
        select mid, uid, read_time, status, uname, del_flag, create_by, create_time, update_by, update_time from hsw_user_msg
    </sql>

    <select id="selectHswUserMsgList" parameterType="HswUserMsg" resultMap="HswUserMsgResult">
        <include refid="selectHswUserMsgVo"/>
        <where>
            and del_flag = '0'
            <if test="readTime != null "> and read_time = #{readTime}</if>
            <if test="status != null "> and status = #{status}</if>
            <if test="uname != null  and uname != ''"> and uname like concat('%', #{uname}, '%')</if>
        </where>
        order by
            mid desc
    </select>

    <select id="selectHswUserMsgById" parameterType="Long" resultMap="HswUserMsgResult">
        <include refid="selectHswUserMsgVo"/>
        where
            del_flag = '0'
            and mid = #{mid}
    </select>

    <insert id="insertHswUserMsg" parameterType="HswUserMsg">
        insert into hsw_user_msg
        <trim prefix="(" suffix=")" suffixOverrides=",">
            <if test="mid != null">mid,</if>
            <if test="uid != null">uid,</if>
            <if test="readTime != null">read_time,</if>
            <if test="status != null">status,</if>
            <if test="uname != null">uname,</if>
            <if test="delFlag != null">del_flag,</if>
            <if test="createBy != null">create_by,</if>
            <if test="createTime != null">create_time,</if>
            <if test="updateBy != null">update_by,</if>
            <if test="updateTime != null">update_time,</if>
         </trim>
        <trim prefix="values (" suffix=")" suffixOverrides=",">
            <if test="mid != null">#{mid},</if>
            <if test="uid != null">#{uid},</if>
            <if test="readTime != null">#{readTime},</if>
            <if test="status != null">#{status},</if>
            <if test="uname != null">#{uname},</if>
            <if test="delFlag != null">#{delFlag},</if>
            <if test="createBy != null">#{createBy},</if>
            <if test="createTime != null">#{createTime},</if>
            <if test="updateBy != null">#{updateBy},</if>
            <if test="updateTime != null">#{updateTime},</if>
         </trim>
    </insert>

    <update id="updateHswUserMsg" parameterType="HswUserMsg">
        update hsw_user_msg
        <trim prefix="SET" suffixOverrides=",">
            <if test="uid != null">uid = #{uid},</if>
            <if test="readTime != null">read_time = #{readTime},</if>
            <if test="status != null">status = #{status},</if>
            <if test="uname != null">uname = #{uname},</if>
            <if test="delFlag != null">del_flag = #{delFlag},</if>
            <if test="createBy != null">create_by = #{createBy},</if>
            <if test="createTime != null">create_time = #{createTime},</if>
            <if test="updateBy != null">update_by = #{updateBy},</if>
            <if test="updateTime != null">update_time = #{updateTime},</if>
        </trim>
        where mid = #{mid}
    </update>

    <delete id="deleteHswUserMsgById" parameterType="Long">
        update hsw_user_msg set del_flag = '2' where mid = #{mid}
    </delete>

    <delete id="deleteHswUserMsgByIds" parameterType="String">
        update hsw_user_msg set del_flag = '2' where mid in
        <foreach item="mid" collection="array" open="(" separator="," close=")">
            #{mid}
        </foreach>
    </delete>

    <resultMap type="UserMsgView" id="UserMsgViewResult">
        <result property="title"    column="title"    />
        <result property="content"    column="content"    />
        <result property="uid"    column="uid"    />
        <result property="mid"    column="mid"    />
        <result property="readTime"    column="read_time"    />
        <result property="status"    column="status"    />
        <result property="uname"    column="uname"    />
        <result property="jobNo"    column="job_no"    />
        <result property="createName"    column="create_name"    />
        <result property="createTime"    column="create_time"    />
    </resultMap>

    <sql id="selectUserMsgView">
        select title, content, uid, mid, read_time, status, uname, job_no, create_name, create_time from hsw_user_msg_view
    </sql>

    <!-- 查询用户消息视图列表 -->
    <select id="selectUserMsgView" parameterType="UserMsgView" resultMap="UserMsgViewResult">
        <include refid="selectUserMsgView"/>
        <where>
            <if test="vo.userId != null  and vo.userId != ''">
                and uid = #{vo.userId}
            </if>
            <if test="(vo.status != null  and vo.status != '') or vo.status == 0">
                and status = #{vo.status}
            </if>
            <if test="(vo.keyword != null  and vo.keyword != '') or vo.keyword == 0">
                and (title concat('%', #{vo.keyword}, '%')
                     or content concat('%',#{vo.keyword},'%'))
            </if>
        </where>
        order by
            create_time desc
    </select>

    <!-- 全部标记已读 -->
    <update id="allRead">
        update
          hsw_user_msg
        set
          status = #{status},
          read_time = #{readTime}
        where
          del_flag = '0'
          and uid = #{userId}
    </update>

    <!-- 标记单个已读 -->
    <update id="read">
        update
          hsw_user_msg
        set
          status = #{status},
          read_time = #{readTime}
        where
          del_flag = '0'
          and uid = #{userId}
          and mid = #{mid}
    </update>

    <!-- 根据用户id查询是否存在未读信息 -->
    <select id="selectCountByUserId" resultType="java.lang.Integer">
        select
          count(*)
        from
          hsw_user_msg
        where
          del_flag = '0'
          and status = #{status}
          and uid = #{userId}
    </select>

</mapper>
