<?xml version="1.0" encoding="UTF-8" ?>
<!DOCTYPE mapper
        PUBLIC "-//mybatis.org//DTD Mapper 3.0//EN"
        "http://mybatis.org/dtd/mybatis-3-mapper.dtd">
<mapper namespace="com.ruoyi.hsw.mapper.IndexMapper">

    <!-- 近一周故障类型分布 -->
    <select id="faultTypeDistribution" resultType="com.ruoyi.hsw.dto.index.FaultTypeDto">
        select
            sum(case hsw_fault_view.type when 1 then 1 else 0 end ) type1_count,
            sum(case hsw_fault_view.type when 2 then 1 else 0 end ) type2_count,
            sum(case hsw_fault_view.type when 3 then 1 else 0 end ) type3_count,
            sum(case hsw_fault_view.type when 4 then 1 else 0 end ) type4_count,
            sum(case hsw_fault_view.type when 5 then 1 else 0 end ) type5_count,
            sum(case hsw_fault_view.type when 6 then 1 else 0 end ) type6_count,
            sum(case hsw_fault_view.type when 7 then 1 else 0 end ) type7_count,
            sum(case hsw_fault_view.type when 8 then 1 else 0 end ) type8_count,
            sum(case hsw_fault_view.type when 9 then 1 else 0 end ) type9_count,
            sum(case hsw_fault_view.type when 10 then 1 else 0 end ) type10_count,
            sum(case hsw_fault_view.type when 11 then 1 else 0 end ) type11_count,
            sum(case hsw_fault_view.type when 12 then 1 else 0 end ) type12_count,
            sum(case when  (hsw_fault_view.type <![CDATA[ <> ]]>7 or hsw_fault_view.type <![CDATA[ <> ]]>8 or hsw_fault_view.type <![CDATA[ <> ]]>9 or hsw_fault_view.type <![CDATA[ <> ]]>12) and (`status`<![CDATA[ <> ]]>3 or `status`<![CDATA[ <> ]]>4 or `status`<![CDATA[ <> ]]>5 or `status`<![CDATA[ <> ]]>6)  and (hsw_fault_view.today_take_count=1 or hsw_fault_view.today_take_count is null) then influence_camera_count else 0 end ) camera_fault_count
        from
            hsw_fault_view
        where
            1=1
        <if test="vo.startTime != null and vo.startTime != '' and vo.endTime != null and vo.endTime != ''">
            and take_time >= #{vo.startTime}
            and take_time <![CDATA[ <= ]]> #{vo.endTime}
        </if>
        <if test="vo.province != null and vo.province != ''">
            and province = #{vo.province}
        </if>
        <if test="vo.city != null and vo.city != ''">
            and city = #{vo.city}
        </if>
        <if test="vo.district != null and vo.district != ''">
            and district = #{vo.district}
        </if>
        <if test="vo.pIds != null and vo.pIds.size() gt 0">
            and pid in
            <foreach collection="vo.pIds" item="pid" separator="," open="(" close=")">
                #{pid}
            </foreach>
        </if>
    </select>

    <!-- 近一周故障设备分布 -->
    <select id="faultEquDistribution" resultType="com.ruoyi.hsw.dto.index.FaultEquDto">
        select
            sum(case hsw_fault_view.type when 3 then 1 else 0 end ) opticalTransceiverFault,
            sum(case hsw_fault_view.type when 5 then 1 else 0 end ) cameraFault,
            sum(case hsw_fault_view.type when 7 then 1 else 0 end ) diagnosisDeviceFault
        from
            hsw_fault_view
        where
            1=1
        <if test="vo.startTime != null and vo.startTime != '' and vo.endTime != null and vo.endTime != ''">
            and take_time >= #{vo.startTime}
            and take_time <![CDATA[ <= ]]> #{vo.endTime}
        </if>
        <if test="vo.province != null and vo.province != ''">
            and province = #{vo.province}
        </if>
        <if test="vo.city != null and vo.city != ''">
            and city = #{vo.city}
        </if>
        <if test="vo.district != null and vo.district != ''">
            and district = #{vo.district}
        </if>
        <if test="vo.pIds != null and vo.pIds.size() gt 0">
            and pid in
            <foreach collection="vo.pIds" item="pid" separator="," open="(" close=")">
                #{pid}
            </foreach>
        </if>
    </select>

    <!-- 活动工单 -->
    <select id="activeJobList" resultType="com.ruoyi.hsw.dto.JobViewDto">
        SELECT
            ip,
            region_name as regionName
        FROM
            hsw_job_view
        WHERE
            (status = 2 or status = 4)
            and flag_status = 0
            <if test="vo.province != null and vo.province != ''">
                and province = #{vo.province}
            </if>
            <if test="vo.city != null and vo.city != ''">
                and city = #{vo.city}
            </if>
            <if test="vo.district != null and vo.district != ''">
                and district = #{vo.district}
            </if>
            <if test="vo.pIds != null and vo.pIds.size() gt 0">
                and pid in
                <foreach collection="vo.pIds" item="pid" separator="," open="(" close=")">
                    #{pid}
                </foreach>
            </if>
        order by
            take_time desc
    </select>

    <!-- 活动故障 -->
    <select id="activeFaultList" resultType="com.ruoyi.hsw.dto.FaultViewDto">
        SELECT
            ip,
            region_name as regionName
        FROM
            hsw_fault_view
        WHERE
            (status = 0 or status = 2 or status = 4)
            and flag_status = 0
        <if test="vo.province != null and vo.province != ''">
            and province = #{vo.province}
        </if>
        <if test="vo.city != null and vo.city != ''">
            and city = #{vo.city}
        </if>
        <if test="vo.district != null and vo.district != ''">
            and district = #{vo.district}
        </if>
        <if test="vo.pIds != null and vo.pIds.size() gt 0">
            and pid in
            <foreach collection="vo.pIds" item="pid" separator="," open="(" close=")">
                #{pid}
            </foreach>
        </if>
        order by
            take_time desc
    </select>

    <!-- 频繁故障视点 -->
    <select id="frequentFaultSiteList" resultType="com.ruoyi.hsw.dto.FaultViewDto">
        select distinct
          ip,
          port,
          region_name as regionName
        from
          hsw_fault_view
        where
            today_take_count > 2
            and status = 5
            and flag_status = 1
        <if test="vo.province != null and vo.province != ''">
            and province = #{vo.province}
        </if>
        <if test="vo.city != null and vo.city != ''">
            and city = #{vo.city}
        </if>
        <if test="vo.district != null and vo.district != ''">
            and district = #{vo.district}
        </if>
        <if test="vo.pIds != null and vo.pIds.size() gt 0">
            and pid in
            <foreach collection="vo.pIds" item="pid" separator="," open="(" close=")">
                #{pid}
            </foreach>
        </if>
    </select>

    <!-- 近6个月工单统计 -->
    <select id="monthJobData" resultType="com.ruoyi.hsw.dto.index.ChartDto">
        select
            a.time as name,
            IFNULL(b.count,0) as count
        from
            (select
                DATE_FORMAT(date_add(curdate(),interval -5 month),'%Y-%m') as time
            UNION
            select
                DATE_FORMAT(date_add(curdate(),interval -4 month),'%Y-%m') as time
            UNION
            select
                DATE_FORMAT(date_add(curdate(),interval -3 month),'%Y-%m') as time
            UNION
            select
                DATE_FORMAT(date_add(curdate(),interval -2 month),'%Y-%m') as time
            UNION
            select
                DATE_FORMAT(date_add(curdate(),interval -1 month),'%Y-%m') as time
            UNION
            select
                DATE_FORMAT(date_add(curdate(),interval 0 month),'%Y-%m') as time
            UNION
            select
                DATE_FORMAT(curdate(),'%Y-%m') as time) a
            left join (SELECT
                    monthstr as name,
                    count(id) AS count
                FROM
                    hsw_job_view
                 WHERE
                    take_time BETWEEN #{startTime} AND #{endTime}
                GROUP BY
                    monthstr) b on b.`name` = a.time
        order by
            name
    </select>

    <!-- 近一个月维修队工单统计 -->
    <select id="monthJobMtData" resultType="com.ruoyi.hsw.dto.index.JobMtDataDto">
        SELECT
            a.at_id as mtId,
            a.mtName,
            IFNULL(b.jobNum,0) as jobNum,
            IFNULL(b.finishcount,0) as finishcount,
            IFNULL(b.timeoutcount,0) as timeoutcount
        from
            (select
                distinct dw.at_id,
                mt.`name` as mtName
            from
                hsw_divide_work dw
                left join hsw_maintenance_team mt on dw.at_id = mt.id and mt.del_flag = '0'
            where
                dw.del_flag = '0'
            <if test="vo.pIds != null and vo.pIds.size() gt 0">
                and pid in
                <foreach collection="vo.pIds" item="pid" separator="," open="(" close=")">
                    #{pid}
                </foreach>
            </if>
            ) a
            left join (select
                            mt_id,
                            count(id) jobNum,
                            sum(case when status=3 then 1 else 0 end) finishcount,
                            sum(case when repair_time-send_time>timeout_hour*60*60 then 1 else 0 end )timeoutcount
                        from
                            hsw_job_view
                        WHERE
                            (status=3 or status=2)
                        <if test="vo.pIds != null and vo.pIds.size() gt 0">
                            and pid in
                            <foreach collection="vo.pIds" item="pid" separator="," open="(" close=")">
                                #{pid}
                            </foreach>
                        </if>
                        <if test="vo.startTime != null and vo.startTime != '' and vo.endTime != null and vo.endTime != ''">
                            and take_time BETWEEN #{vo.startTime} AND #{vo.endTime}
                        </if>
                        GROUP BY
                            mt_id
                        ) b on b.mt_id = a.at_id
    </select>

    <!-- 近一周在线率（当天在线率获取最后一条数据） -->
    <select id="onlineRate" resultType="com.ruoyi.hsw.dto.index.FaultTypeDto">
        select
            a.Date as datestr,
            IFNULL(b.type1_count,0) as type1_count,
            IFNULL(b.type2_count,0) as type2_count,
            IFNULL(b.type3_count,0) as type3_count,
            IFNULL(b.type4_count,0) as type4_count,
            IFNULL(b.type5_count,0) as type5_count,
            IFNULL(b.type6_count,0) as type6_count,
            IFNULL(b.type7_count,0) as type7_count,
            IFNULL(b.type8_count,0) as type8_count,
            IFNULL(b.type9_count,0) as type9_count,
            IFNULL(b.type10_count,0) as type10_count,
            IFNULL(b.type11_count,0) as type11_count,
            IFNULL(b.type12_count,0) as type12_count,
            IFNULL(b.camera_fault_count,0) as camera_fault_count
        from
            ( select curdate() - INTERVAL (a.a + (10 * b.a) + (100 * c.a)) DAY as Date from (select 0 as a union all select 1 union all select 2 union all select 3 union all select 4 union all select 5 union all select 6 union all select 7 union all select 8 union all select 9) as a cross join (select 0 as a union all select 1 union all select 2 union all select 3 union all select 4 union all select 5 union all select 6 union all select 7 union all select 8 union all select 9) as b cross join (select 0 as a union all select 1 union all select 2 union all select 3 union all select 4 union all select 5 union all select 6 union all select 7 union all select 8 union all select 9) as c) a
            left join(
                        select
                            datestr,
                            sum(case hsw_fault_view.type when 1 then 1 else 0 end ) type1_count,
                            sum(case hsw_fault_view.type when 2 then 1 else 0 end ) type2_count,
                            sum(case hsw_fault_view.type when 3 then 1 else 0 end ) type3_count,
                            sum(case hsw_fault_view.type when 4 then 1 else 0 end ) type4_count,
                            sum(case hsw_fault_view.type when 5 then 1 else 0 end ) type5_count,
                            sum(case hsw_fault_view.type when 6 then 1 else 0 end ) type6_count,
                            sum(case hsw_fault_view.type when 7 then 1 else 0 end ) type7_count,
                            sum(case hsw_fault_view.type when 8 then 1 else 0 end ) type8_count,
                            sum(case hsw_fault_view.type when 9 then 1 else 0 end ) type9_count,
                            sum(case hsw_fault_view.type when 10 then 1 else 0 end ) type10_count,
                            sum(case hsw_fault_view.type when 11 then 1 else 0 end ) type11_count,
                            sum(case hsw_fault_view.type when 12 then 1 else 0 end ) type12_count,
                            sum(case when  (hsw_fault_view.type <![CDATA[ <> ]]>7 or hsw_fault_view.type <![CDATA[ <> ]]>8 or hsw_fault_view.type <![CDATA[ <> ]]>9 or hsw_fault_view.type <![CDATA[ <> ]]>12) and (`status`<![CDATA[ <> ]]>3 or `status`<![CDATA[ <> ]]>4 or `status`<![CDATA[ <> ]]>5 or `status`<![CDATA[ <> ]]>6)  and (hsw_fault_view.today_take_count=1 or hsw_fault_view.today_take_count is null) then influence_camera_count else 0 end ) camera_fault_count
                        from
                            hsw_fault_view
                        where
                            1=1
                        <if test="vo.startTime != null and vo.startTime != '' and vo.endTime != null and vo.endTime != ''">
                            and take_time >= #{vo.startTime}
                            and take_time <![CDATA[ <= ]]> #{vo.endTime}
                        </if>
                        <if test="vo.province != null and vo.province != ''">
                            and province = #{vo.province}
                        </if>
                        <if test="vo.city != null and vo.city != ''">
                            and city = #{vo.city}
                        </if>
                        <if test="vo.district != null and vo.district != ''">
                            and district = #{vo.district}
                        </if>
                        <if test="vo.pIds != null and vo.pIds.size() gt 0">
                            and pid in
                            <foreach collection="vo.pIds" item="pid" separator="," open="(" close=")">
                                #{pid}
                            </foreach>
                        </if>
                        GROUP BY
                            datestr
                        ) b on a.Date = b.datestr
        where
            1=1
            <if test="vo.startTime != null and vo.startTime != '' and vo.endTime != null and vo.endTime != ''">
                and a.Date between #{vo.startDate} and #{vo.endDate}
            </if>
        ORDER BY
            a.Date
    </select>

    <!--诊断器数量统计-->
    <select id="diagnosisDeviceCount" resultType="int">
        SELECT
        count( id )
        FROM
        hsw_diagnosis_device_view
        WHERE
        1=1
        <if test="vo.province != null and vo.province != ''">
            and province = #{vo.province}
        </if>
        <if test="vo.city != null and vo.city != ''">
            and city = #{vo.city}
        </if>
        <if test="vo.district != null and vo.district != ''">
            and district = #{vo.district}
        </if>
        <if test="vo.pIds != null and vo.pIds.size() gt 0">
            and pid in
            <foreach collection="vo.pIds" item="pid" separator="," open="(" close=")">
                #{pid}
            </foreach>
        </if>
    </select>

    <!-- 摄像机数量 -->
    <select id="cameraCount" resultType="java.lang.Integer">
        select
        count(*)
        from
        hsw_camera_view
        where
        1=1
        <if test="vo.province != null and vo.province != ''">
            and province = #{vo.province}
        </if>
        <if test="vo.city != null and vo.city != ''">
            and city = #{vo.city}
        </if>
        <if test="vo.district != null and vo.district != ''">
            and district = #{vo.district}
        </if>
        <if test="vo.pIds != null and vo.pIds.size() gt 0">
            and pid in
            <foreach collection="vo.pIds" item="pid" separator="," open="(" close=")">
                #{pid}
            </foreach>
        </if>
    </select>

    <!--  光纤收发器数量  -->
    <select id="opticalTransceiverCount" resultType="int">
        SELECT
        count( id )
        FROM
        hsw_optical_transceiver_view
        WHERE
        1=1
        <if test="vo.province != null and vo.province != ''">
            and province = #{vo.province}
        </if>
        <if test="vo.city != null and vo.city != ''">
            and city = #{vo.city}
        </if>
        <if test="vo.district != null and vo.district != ''">
            and district = #{vo.district}
        </if>
        <if test="vo.pIds != null and vo.pIds.size() gt 0">
            and pid in
            <foreach collection="vo.pIds" item="pid" separator="," open="(" close=")">
                #{pid}
            </foreach>
        </if>
    </select>

    <!--  其他设备数量  -->
    <select id="otherDeviceCount" resultType="int">
        SELECT
        count( id )
        FROM
        hsw_other_device_view
        WHERE
        1=1
        <if test="vo.province != null and vo.province != ''">
            and province = #{vo.province}
        </if>
        <if test="vo.city != null and vo.city != ''">
            and city = #{vo.city}
        </if>
        <if test="vo.district != null and vo.district != ''">
            and district = #{vo.district}
        </if>
        <if test="vo.pIds != null and vo.pIds.size() gt 0">
            and pid in
            <foreach collection="vo.pIds" item="pid" separator="," open="(" close=")">
                #{pid}
            </foreach>
        </if>
    </select>

    <!-- 根据市分组统计摄像机的数量  -->
    <select id="cameraCountGroupByCity" resultType="com.ruoyi.hsw.dto.index.CameraAreaDto">
        SELECT
        count( id ) AS `count`,
        city
        FROM
        hsw_camera_view
        WHERE
        1=1
        <if test="vo.province != null and vo.province != ''">
            and province = #{vo.province}
        </if>
        <if test="vo.pIds != null and vo.pIds.size() gt 0">
            and pid in
            <foreach collection="vo.pIds" item="pid" separator="," open="(" close=")">
                #{pid}
            </foreach>
        </if>
        GROUP BY
        city
    </select>

    <!-- 根据县/区分组统计摄像机的数量  -->
    <select id="cameraCountGroupByDistrict" resultType="com.ruoyi.hsw.dto.index.CameraAreaDto">
        SELECT
        count( id ) AS `count`,
        city,
        district
        FROM
        hsw_camera_view
        WHERE
        1=1
        <if test="vo.city != null and vo.city != ''">
            and city = #{vo.city}
        </if>
        <if test="vo.pIds != null and vo.pIds.size() gt 0">
            and pid in
            <foreach collection="vo.pIds" item="pid" separator="," open="(" close=")">
                #{pid}
            </foreach>
        </if>
        GROUP BY
        district
    </select>

    <!-- 摄像机故障数量 -->
    <select id="cameraFaultCount" resultType="int">
        SELECT
            IFNULL( t.camera_fault_count, 0 ) AS camera_fault_count
        FROM
        (
            SELECT
            sum(
                CASE

                WHEN ( `type` <![CDATA[ <> ]]> 7 OR `type` <![CDATA[ <> ]]> 8 OR `type` <![CDATA[ <> ]]> 9 OR `type` <![CDATA[ <> ]]> 12 )
                AND ( `status` <![CDATA[ <> ]]> 3 OR `status` <![CDATA[ <> ]]> 4 OR `status` <![CDATA[ <> ]]> 5 OR `status` <![CDATA[ <> ]]> 6 )
                AND ( today_take_count = 1 OR today_take_count IS NULL ) THEN
                influence_camera_count ELSE 0
            END
            ) camera_fault_count
            FROM
                hsw_fault_view
            WHERE
                flag_status = 0
                <if test="vo.province != null and vo.province != ''">
                    and province = #{vo.province}
                </if>
                <if test="vo.city != null and vo.city != ''">
                    and city = #{vo.city}
                </if>
                <if test="vo.district != null and vo.district != ''">
                    and district = #{vo.district}
                </if>
                <if test="vo.pIds != null and vo.pIds.size() gt 0">
                    and pid in
                    <foreach collection="vo.pIds" item="pid" separator="," open="(" close=")">
                        #{pid}
                    </foreach>
                </if>
        ) t
    </select>

    <select id="faultTrend" resultType="com.ruoyi.hsw.dto.index.FaultTypeDto">
        select
        a.Date as datestr,
        IFNULL(b.camera_fault_count,0) as camera_fault_count
        from
            ( select curdate() - INTERVAL (a.a + (10 * b.a) + (100 * c.a)) DAY as Date from (select 0 as a union all select 1 union all select 2 union all select 3 union all select 4 union all select 5 union all select 6 union all select 7 union all select 8 union all select 9) as a cross join (select 0 as a union all select 1 union all select 2 union all select 3 union all select 4 union all select 5 union all select 6 union all select 7 union all select 8 union all select 9) as b cross join (select 0 as a union all select 1 union all select 2 union all select 3 union all select 4 union all select 5 union all select 6 union all select 7 union all select 8 union all select 9) as c) a
        left join(
            select
            datestr,
            sum(case when  (hsw_fault_view.type <![CDATA[ <> ]]>7 or hsw_fault_view.type <![CDATA[ <> ]]>8 or hsw_fault_view.type <![CDATA[ <> ]]>9 or hsw_fault_view.type <![CDATA[ <> ]]>12) and (`status`<![CDATA[ <> ]]>3 or `status`<![CDATA[ <> ]]>4 or `status`<![CDATA[ <> ]]>5 or `status`<![CDATA[ <> ]]>6)  and (hsw_fault_view.today_take_count=1 or hsw_fault_view.today_take_count is null) then influence_camera_count else 0 end ) camera_fault_count
            from
            hsw_fault_view
            where
            1=1
            <if test="vo.startTime != null and vo.startTime != '' and vo.endTime != null and vo.endTime != ''">
                and take_time >= #{vo.startTime}
                and take_time <![CDATA[ <= ]]> #{vo.endTime}
            </if>
            <if test="vo.province != null and vo.province != ''">
                and province = #{vo.province}
            </if>
            <if test="vo.city != null and vo.city != ''">
                and city = #{vo.city}
            </if>
            <if test="vo.district != null and vo.district != ''">
                and district = #{vo.district}
            </if>
            <if test="vo.pIds != null and vo.pIds.size() gt 0">
                and pid in
                <foreach collection="vo.pIds" item="pid" separator="," open="(" close=")">
                    #{pid}
                </foreach>
            </if>
        GROUP BY
            datestr
        ) b on a.Date = b.datestr
        where
        1=1
        <if test="vo.startTime != null and vo.startTime != '' and vo.endTime != null and vo.endTime != ''">
            and a.Date between #{vo.startDate} and #{vo.endDate}
        </if>
        ORDER BY
        a.Date
    </select>

    <select id="performanceComparison" resultType="com.ruoyi.hsw.dto.index.PerformanceDto">
        SELECT DISTINCT
                pm.mu_id AS muId,
                pm.NAME AS muName,
                IFNULL( a.totalOrder, 0 ) AS totalOrder,
                IFNULL( a.repair_timeout_Count, 0 ) AS repairTimeoutCount,
                IFNULL( a.send_timeout_Count, 0 ) AS sendTimeoutCount
            FROM
                hsw_project_maintenance_units_view pm
            LEFT JOIN (
                SELECT
                    mu_id,
                    sum( CASE WHEN `status` = 3 THEN 1 ELSE 0 END ) totalOrder,
                    sum( CASE WHEN `status` = 3 AND ( repair_time - send_time > timeout_hour * 3600 ) THEN 1 ELSE 0 END ) repair_timeout_Count,
                    sum( CASE WHEN ( STATUS = 3 ) AND ( send_time - take_time > send_work_order_limit * 3600 ) THEN 1 ELSE 0 END ) send_timeout_Count
                FROM
                    hsw_job_view
                WHERE
                    `status` = 3
                    AND flag_status = 1
                    <if test="vo.startTime != null and vo.startTime != '' and vo.endTime != null and vo.endTime != ''">
                        and take_time >= #{vo.startTime}
                        and take_time <![CDATA[ <= ]]> #{vo.endTime}
                    </if>
                    <if test="vo.pIds != null and vo.pIds.size() gt 0">
                        and pid in
                        <foreach collection="vo.pIds" item="pid" separator="," open="(" close=")">
                            #{pid}
                        </foreach>
                    </if>
                GROUP BY
                    mu_id
            ) a ON pm.mu_id = a.mu_id
            WHERE
                1 = 1
                <if test="vo.pIds != null and vo.pIds.size() gt 0">
                    and pm.pid in
                    <foreach collection="vo.pIds" item="pid" separator="," open="(" close=")">
                        #{pid}
                    </foreach>
                </if>
    </select>

</mapper>
